2023,1,blackkeybulls
2023,2,sigmaalphaepsilon
2023,3,cutters
2023,4,cutters
2023,5,sigmaphiepsilon
2023,6,alphasigmaphi
2023,7,deltataudelta
2023,8,blackkeybulls
2023,9,blackkeybulls
2023,10,alphasigmaphi
2023,11,iudm
2023,12,sigmaphiepsilon
2023,13,cutters
2023,14,phikappapsi
2023,15,alphasigmaphi
2023,16,betasigmapsi
2023,17,chialpha
2023,18,betasigmapsi
2023,19,blackkeybulls
2023,20,cutters
2023,21,deltataudelta
2023,22,sigmaalphaepsilon
2023,23,cutters
2023,24,chialpha
2023,25,betasigmapsi
2023,26,bears
2023,27,phideltatheta
2023,28,betasigmapsi
2023,29,sigmaphiepsilon
2023,30,blackkeybulls
2023,31,alphakappapsi
2023,32,phikappapsi
2023,33,phigammadelta
2023,34,phigammadelta
2023,35,deltataudelta
2023,36,3ph
2023,37,graygoat
2023,38,alphakappapsi
2023,39,sigmaalphaepsilon
2023,40,alphakappapsi
2023,41,chialpha
2023,42,blackkeybulls
2023,43,phideltatheta
2023,44,phideltatheta
2023,45,graygoat
2023,46,3ph
2023,47,forest
2023,48,graygoat
2023,49,csf
2023,50,sigmaphiepsilon
2023,51,cutters
2023,52,betasigmapsi
2023,53,pikappaalpha
2023,54,alphakappapsi
2023,55,forest
2023,56,deltataudelta
2023,56,novus
2023,57,deltataudelta
2023,58,phigammanu
2023,59,phikappapsi
2023,60,phigammadelta
2023,61,lambdachialpha
2023,62,ghost
2023,63,cinzano
2023,64,ghost
2023,65,deltataudelta
2023,66,sigmaalphaepsilon
2023,67,phikappapsi
2023,68,deltasigmapi
2023,69,cinzano
2023,70,alphasigmaphi
2023,71,phideltatheta
2023,72,evanosscholars
2023,73,3ph
2023,74,novus
2023,75,blackkeybulls
2023,76,bears
2023,77,alphakappalambda
2023,78,phikappapsi
2023,79,csf
2023,80,cutters
2023,81,sigmanu
2023,82,forest
2023,83,ghost
2023,84,humanwheels
2023,85,novus
2023,86,csf
2023,87,3ph
2023,88,lambdachialpha
2023,89,humanwheels
2023,90,sigmanu
2023,91,lambdachialpha
2023,92,humanwheels
2023,93,3ph
2023,94,ghost
2023,95,3ph
2023,96,phisigmakappa
2023,97,betathetapi
2023,98,graygoat
2023,99,betathetapi
2023,100,phideltatheta
2023,101,deltasigmapi
2023,102,csf
2023,103,phigammadelta
2023,104,sigmachi
2023,105,tauepsilonphi
2023,106,tauepsilonphi
2023,107,chialpha
2023,108,chialpha
2023,109,sigmachi
2023,110,phikappapsi
2023,111,iudm
2023,112,pikappaalpha
2023,113,phigammanu
2023,114,bears
2023,115,sigmanu
2023,116,3ph
2023,117,alphakappalambda
2023,118,chiphi
2023,119,forest
2023,120,chiphi
2023,121,godspeed
2023,122,alphakappapsi
2023,123,chiphi
2023,124,iudm
2023,125,ghost
2023,126,wildaces
2023,127,chiphi
2023,128,pikappaalpha
2023,129,alphakappalambda
2023,130,wildaces
2023,131,tauepsilonphi
2023,132,phisigmakappa
2023,133,csf
2023,134,army
2023,135,cutters
2023,136,deltataudelta
2023,137,forest
2023,138,cinzano
2023,139,phigammadelta
2023,140,iudm
2023,141,phikappapsi
2023,142,godspeed
2023,143,forest
2023,144,pikappaalpha
2023,145,alphakappalambda
2023,146,deltasigmapi
2023,147,humanwheels
2023,148,tauepsilonphi
2023,149,cinzano
2023,150,army
2023,151,phisigmakappa
2023,152,sigmanu
2023,153,humanwheels
2023,154,csf
2023,155,alphasigmaphi
2023,156,novus
2023,157,americana
2023,158,deltasigmapi
2023,159,americana
2023,160,evanosscholars
2023,161,sigmachi
2023,162,phigammadelta
2023,163,godspeed
2023,164,army
2023,165,phikappapsi
2023,166,wildaces
2023,167,chiphi
2023,168,betathetapi
2023,169,tauepsilonphi
2023,170,wildaces
2023,171,pikappaalpha
2023,172,alphakappalambda
2022,2,graygoat
2022,3,blackkeybulls
2022,4,sigmaphiepsilon
2022,5,cutters
2022,6,graygoat
2022,7,phikappapsi
2022,8,alphasigmaphi
2022,9,jetblach
2022,10,sigmaphiepsilon
2022,11,sigmaalphaepsilon
2022,12,blackkeybulls
2022,13,chialpha
2022,14,graygoat
2022,15,iudm
2022,16,betasigmapsi
2022,17,phikappapsi
2022,18,phideltatheta
2022,19,phigammadelta
2022,20,cutters
2022,21,chialpha
2022,22,chialpha
2022,23,jetblach
2022,24,jetblach
2022,25,bears
2022,26,phikappapsi
2022,27,blackkeybulls
2022,28,forest
2022,29,sigmaphiepsilon
2022,30,blackkeybulls
2022,31,bears
2022,32,ghost
2022,33,phideltatheta
2022,34,alphasigmaphi
2022,35,phigammadelta
2022,36,bears
2022,37,jetblach
2022,38,graygoat
2022,39,blackkeybulls
2022,40,forest
2022,41,blackkeybulls
2022,42,betathetapi
2022,43,deltasigmapi
2022,44,lambdachialpha
2022,45,chialpha
2022,46,cutters
2022,47,jetblach
2022,48,alphakappapsi
2022,49,csf
2022,50,graygoat
2022,51,betasigmapsi
2022,52,ghost
2022,53,ghost
2022,54,iudm
2022,55,graygoat
2022,56,blackkeybulls
2022,57,betasigmapsi
2022,58,bears
2022,59,pikappaalpha
2022,60,wildaces
2022,61,deltasigmapi
2022,62,forest
2022,63,csf
2022,64,3ph
2022,65,cutters
2022,66,deltaupsilon
2022,67,lambdachialpha
2022,68,cutters
2022,69,neh
2022,70,lambdachialpha
2022,71,3ph
2022,72,csf
2022,73,alphasigmaphi
2022,74,blackkeybulls
2022,75,blackkeybulls
2022,76,forest
2022,77,ghost
2022,78,betathetapi
2022,79,alphasigmaphi
2022,80,iudm
2022,81,forest
2022,82,unaffiliated
2022,83,cutters
2022,84,forest
2022,85,evan'sscholars
2022,86,deltasigmapi
2022,87,sigmaalphaepsilon
2022,88,3ph
2022,89,sigmaalphaepsilon
2022,90,3ph
2022,91,novus
2022,92,sigmanu
2022,93,deltaupsilon
2022,94,forest
2022,95,csf
2022,96,neh
2022,97,3ph
2022,98,deltasigmapi
2022,99,wildaces
2022,100,3ph
2022,101,3ph
2022,102,novus
2022,103,sigmaalphaepsilon
2022,104,sigmaphiepsilon
2022,105,novus
2022,106,wildaces
2022,107,army
2022,108,betathetapi
2022,109,neh
2022,110,neh
2022,111,deltasigmapi
2022,112,alphakappapsi
2022,113,bears
2022,114,pikappaalpha
2022,115,evan'sscholars
2022,116,sigmachi
2022,117,wildaces
2022,118,sigmachi
2022,119,iudm
2022,120,phideltatheta
2022,121,betathetapi
2022,122,lambdachialpha
2022,123,sigmachi
2022,124,pikappaalpha
2022,125,phigammadelta
2022,126,phigammanu
2022,127,3ph
2022,128,alphakappapsi
2022,129,phigammanu
2022,130,bears
2022,131,alphakappapsi
2022,132,evan'sscholars
2022,133,novus
2022,134,phigammanu
2022,135,sigmanu
2022,136,army
2022,137,phisigmakappa
2022,138,pikappaalpha
2022,139,phisigmakappa
2022,140,sigmanu
2022,141,army
2022,142,evan'sscholars
2022,143,sigmanu
2022,144,army
2022,145,evan'sscholars
2022,146,phisigmakappa
2022,147,phisigmakappa
2022,148,sigmachi
2022,1,phideltatheta
2021,1,blackkeybulls
2021,2,cutters
2021,3,jetblach
2021,4,jetblach
2021,4,graygoat
2021,6,blackkeybulls
2021,7,phikappapsi
2021,8,jetblach
2021,9,blackkeybulls
2021,10,sigmaphiepsilon
2021,11,chialpha
2021,12,cutters
2021,13,graygoat
2021,14,jetblach
2021,15,bears
2021,16,phideltatheta
2021,16,phideltatheta
2021,18,graygoat
2021,19,phikappapsi
2021,20,chialpha
2021,21,betasigmapsi
2021,22,bears
2021,23,phigammadelta
2021,24,graygoat
2021,25,phigammadelta
2021,26,forest
2021,27,phikappapsi
2021,28,acacia
2021,29,blackkeybulls
2021,30,chialpha
2021,31,deltasigmapi
2021,32,phikappapsi
2021,33,sigmaphiepsilon
2021,34,blackkeybulls
2021,35,sigmaphiepsilon
2021,36,cutters
2021,37,pilambdaphi
2021,38,jetblach
2021,39,graygoat
2021,40,bears
2021,41,graygoat
2021,42,cutters
2021,43,bears
2021,44,phigammadelta
2021,45,csf
2021,45,betasigmapsi
2021,47,3ph
2021,48,pilambdaphi
2021,49,sigmaphiepsilon
2021,50,betasigmapsi
2021,51,graygoat
2021,52,phikappasigma
2021,53,acacia
2021,54,phikappapsi
2021,55,cutters
2021,56,csf
2021,57,bears
2021,58,phigammadelta
2021,59,sigmaphiepsilon
2021,60,phideltatheta
2021,61,csf
2021,62,thetachi
2021,63,bears
2021,64,3ph
2021,65,phikappapsi
2021,66,blackkeybulls
2021,67,acacia
2021,68,phideltatheta
2021,69,sigmanu
2021,70,deltaupsilon
2021,71,betasigmapsi
2021,72,graygoat
2021,73,chialpha
2021,74,neh
2021,75,deltasigmapi
2021,76,phideltatheta
2021,77,deltaupsilon
2021,78,betasigmapsi
2021,79,thetachi
2021,80,betathetapi
2021,81,forest
2021,82,army
2021,83,deltaupsilon
2021,84,sigmaphiepsilon
2021,85,blackkeybulls
2021,86,thetachi
2021,87,betathetapi
2021,88,blackkeybulls
2021,89,3ph
2021,90,forest
2021,91,deltaupsilon
2021,92,novus
2021,93,pilambdaphi
2021,94,phigammadelta
2021,95,csf
2021,96,forest
2021,97,pilambdaphi
2021,98,forest
2021,99,phigammadelta
2021,100,betathetapi
2021,101,betathetapi
2021,102,army
2021,103,army
2021,104,phikappasigma
2021,105,thetachi
2021,106,3ph
2021,107,deltasigmapi
2021,108,bears
2021,109,forest
2021,110,sigmanu
2021,111,phikappasigma
2021,112,sigmanu
2021,113,deltasigmapi
2021,114,phikappasigma
2019,1,blackkeybulls
2019,2,cutters
2019,3,blackkeybulls
2019,4,bears
2019,5,phikappapsi
2019,6,sigmaphiepsilon
2019,7,cutters
2019,8,neh
2019,9,graygoat
2019,10,graygoat
2019,11,gafombi
2019,12,phideltatheta
2019,13,jetblach
2019,14,forest
2019,15,cutters
2019,16,forest
2019,17,graygoat
2019,18,phideltatheta
2019,19,sigmaalphaepsilon
2019,20,neh
2019,21,3ph
2019,22,deltaupsilon
2019,23,cutters
2019,24,blackkeybulls
2019,25,jetblach
2019,26,gafombi
2019,27,graygoat
2019,28,sigmachi
2019,29,jetblach
2019,30,csf
2019,31,acacia
2019,32,neh
2019,33,phikappapsi
2019,34,phideltatheta
2019,35,graygoat
2019,36,graygoat
2019,37,phikappapsi
2019,38,cutters
2019,39,phideltatheta
2019,40,neh
2019,41,bears
2019,42,pilambdaphi
2019,43,jetblach
2019,44,pikappaalpha
2019,45,phigammadelta
2019,46,gafombi
2019,47,deltachi
2019,48,betasigmapsi
2019,49,blackkeybulls
2019,50,jetblach
2019,51,godspeed
2019,52,sigmaphiepsilon
2019,53,sigmachi
2019,54,sigmaphiepsilon
2019,55,chialpha
2019,56,neh
2019,57,betasigmapsi
2019,58,pikappaalpha
2019,59,3ph
2019,60,gafombi
2019,61,phikappapsi
2019,62,deltachi
2019,63,csf
2019,64,jetblach
2019,65,deltasigmapi
2019,66,phigammadelta
2019,67,pilambdaphi
2019,68,deltasigmapi
2019,69,phikappapsi
2019,70,sigmachi
2019,71,acacia
2019,72,phigammadelta
2019,73,deltaupsilon
2019,74,bears
2019,75,deltachi
2019,76,pilambdaphi
2019,77,phigammanu
2019,78,alphakappalambda
2019,79,deltachi
2019,80,phigammadelta
2019,81,csf
2019,82,deltaupsilon
2019,83,pikappaalpha
2019,84,3ph
2019,85,sigmaphiepsilon
2019,86,sigmaalphaepsilon
2019,87,cutters
2019,88,phigammadelta
2019,89,thetachi
2019,90,chialpha
2019,91,forest
2019,92,pilambdaphi
2019,93,phigammanu
2019,94,blackkeybulls
2019,95,godspeed
2019,96,betasigmapsi
2019,97,forest
2019,98,chialpha
2019,99,deltasigmapi
2019,100,blackkeybulls
2019,101,deltaupsilon
2019,102,phigammadelta
2019,103,forest
2019,104,sigmachi
2019,105,phigammanu
2019,106,evansscholars
2019,107,pilambdaphi
2019,108,pikappaalpha
2019,109,blackice
2019,110,alphasignaphi
2019,111,betasigmapsi
2019,112,alphakappalambda
2019,113,phigammanu
2019,114,chialpha
2019,115,godspeed
2019,116,sigmachi
2019,117,csf
2019,118,thetachi
2019,119,deltasigmapi
2019,120,godspeed
2019,121,acacia
2019,122,bears
2019,123,bears
2019,124,phikappasigma
2019,125,blackice
2019,126,deltaupsilon
2019,127,jetblach
2019,128,alphasigmaphi
2019,129,alphakappalambda
2019,130,sigmaalphaepsilon
2019,131,forest
2019,132,3ph
2019,133,phikappatau
2019,134,graygoat
2019,135,evansscholars
2019,136,blackice
2019,137,alphasigmaphi
2019,138,3ph
2019,139,godspeed
2019,140,thetachi
2019,141,csf
2019,142,phikappasigma
2019,143,alphasigmaphi
2019,144,pilambdaphi
2019,145,phikappatau
2019,146,phikappatau
2019,147,evansscholars
2019,148,blackice
2019,149,alphakappalambda
2019,150,acacia
2019,151,phikappasigma
2019,152,thetachi
2019,153,evansscholars
2018,1,sigmaalphaepsilon
2018,2,blackkeybulls
2018,3,sigmaphiepsilon
2018,4,sigmaphiepsilon
2018,5,3ph
2018,6,sigmachi
2018,7,graygoat
2018,8,cutters
2018,9,blackkeybulls
2018,10,sigmaphiepsilon
2018,11,3ph
2018,12,bears
2018,13,sigmaalphaepsilon
2018,14,blackkeybulls
2018,15,betathetapi
2018,16,sigmachi
2018,17,bears
2018,18,jetblach
2018,19,betathetapi
2018,20,phigammadelta
2018,21,sigmachi
2018,22,betathetapi
2018,23,sigmaalphaepsilon
2018,24,csf
2018,25,bears
2018,26,graygoat
2018,27,graygoat
2018,28,cutters
2018,29,cutters
2018,30,phigammadelta
2018,31,3ph
2018,32,graygoat
2018,33,graygoat
2018,34,pilambdaphi
2018,35,graygoat
2018,36,jetblach
2018,37,csf
2018,38,blackkeybulls
2018,39,forest
2018,40,alphaepsilonpi
2018,41,pikappaalpha
2018,42,phideltatheta
2018,43,phikappapsi
2018,44,jetblach
2018,45,forest
2018,46,blackkeybulls
2018,47,sigmachi
2018,48,kappasigma
2018,49,3ph
2018,50,chialpha
2018,51,graygoat
2018,52,blackkeybulls
2018,53,jetblach
2018,54,kappasigma
2018,55,phideltatheta
2018,56,forest
2018,57,phideltatheta
2018,58,alphaepsilonpi
2018,59,phikappapsi
2018,60,pilambdaphi
2018,61,deltaupsilon
2018,62,acacia
2018,63,phisigmakappa
2018,64,acacia
2018,65,sigmaalphaepsilon
2018,66,pilambdaphi
2018,67,pikappaalpha
2018,68,betathetapi
2018,69,acacia
2018,70,phikappapsi
2018,71,acacia
2018,72,phikappapsi
2018,73,pikappaalpha
2018,74,phigammadelta
2018,75,sigmaalphaepsilon
2018,76,alphaepsilonpi
2018,77,jetblach
2018,78,phigammadelta
2018,79,cru
2018,80,alphakappalambda
2018,81,evansscholars
2018,82,evansscholars
2018,83,chialpha
2018,84,blackkeybulls
2018,85,pilambdaphi
2018,86,bears
2018,87,kappasigma
2018,88,alphaepsilonpi
2018,89,pilambdaphi
2018,90,3ph
2018,91,sigmaphiepsilon
2018,92,alphakappalambda
2018,93,forest
2018,94,blackice
2018,95,deltasigmaphi
2018,96,pikappaalpha
2018,97,sigmachi
2018,98,3ph
2018,99,acacia
2018,100,betasigmapsi
2018,101,phideltatheta
2018,102,csf
2018,103,bears
2018,104,jetblach
2018,105,jetblach
2018,106,lambdachialpha
2018,107,deltaupsilon
2018,108,alphasigmaphi
2018,109,phigammadelta
2018,110,alphasigmaphi
2018,111,deltasigmaphi
2018,112,acacia
2018,113,cutters
2018,114,forest
2018,115,deltachi
2018,116,thetachi
2018,117,betasigmapsi
2018,118,cutters
2018,119,alphasigmaphi
2018,120,chialpha
2018,121,alphakappalambda
2018,122,blackice
2018,123,deltasigmaphi
2018,124,blackice
2018,125,alphasigmaphi
2018,126,phisigmakappa
2018,127,cru
2018,128,betasigmapsi
2018,129,phisigmakappa
2018,130,lambdachialpha
2018,131,alphakappalambda
2018,132,cru
2018,133,lambdachialpha
2018,134,csf
2018,135,lambdachialpha
2018,136,forest
2018,137,evansscholars
2018,138,chialpha
2018,139,lambdachialpha
2018,140,phisigmakappa
2018,141,phikappasigma
2018,142,betathetapi
2018,143,csf
2018,144,lambdachialpha
2018,145,phikappatau
2018,146,thetachi
2018,147,thetachi
2018,148,deltasigmapi
2018,149,deltasigmapi
2018,150,youngpioneer
2018,151,blackice
2018,152,chialpha
2018,153,deltasigmaphi
2018,154,chialpha
2017,1,blackkeybulls
2017,2,sigmaalphaepsilon
2017,3,graygoat
2017,4,blackkeybulls
2017,5,sigmaphiepsilon
2017,6,cutters
2017,7,3ph
2017,8,cutters
2017,9,sigmaphiepsilon
2017,10,blackkeybulls
2017,11,blackkeybulls
2017,12,blackkeybulls
2017,13,betathetapi
2017,14,sigmaphiepsilon
2017,15,betathetapi
2017,16,sigmachi
2017,17,3ph
2017,18,forest
2017,19,sigmaphiepsilon
2017,20,jetblach
2017,21,bears
2017,22,cutters
2017,23,pikappaalpha
2017,24,betathetapi
2017,25,graygoat
2017,26,forest
2017,27,betathetapi
2017,28,graygoat
2017,29,deltachi
2017,30,3ph
2017,31,csf
2017,32,blackkeybulls
2017,33,pikappaalpha
2017,34,lambdachialpha
2017,35,phigammadelta
2017,36,sigmaphiepsilon
2017,37,lambdachialpha
2017,38,3ph
2017,39,sigmaalphaepsilon
2017,40,jetblach
2017,41,lambdachialpha
2017,42,bears
2017,43,sigmaphiepsilon
2017,44,alphakappalambda
2017,45,sigmachi
2017,46,deltachi
2017,47,graygoat
2017,48,sigmachi
2017,49,sigmaphiepsilon
2017,50,bears
2017,51,pikappaalpha
2017,52,forest
2017,53,sigmachi
2017,54,sigmanu
2017,55,3ph
2017,56,csf
2017,57,forest
2017,58,cutters
2017,59,phigammadelta
2017,60,sigmanu
2017,61,pikappaalpha
2017,62,acacia
2017,63,phigammadelta
2017,64,phideltatheta
2017,65,sigmaphiepsilon
2017,66,forest
2017,67,acacia
2017,68,phideltatheta
2017,69,sigmanu
2017,70,kappasigma
2017,71,alphasigmaphi
2017,72,3ph
2017,73,deltachi
2017,74,blackkeybulls
2017,75,sigmaphiepsilon
2017,76,sigmachi
2017,77,graygoat
2017,78,alphaepsilonpi
2017,79,graygoat
2017,80,thetachi
2017,81,csf
2017,82,acacia
2017,83,sigmanu
2017,84,alphakappalambda
2017,85,pilambdaphi
2017,86,pilambdaphi
2017,87,phigammadelta
2017,88,phideltatheta
2017,89,blackice
2017,90,alphaepsilonpi
2017,91,phisigmakappa
2017,92,deltachi
2017,93,thetachi
2017,94,_
2017,95,sigmaalphaepsilon
2017,96,graygoat
2017,97,kappasigma
2017,98,acacia
2017,99,csf
2017,100,cutters
2017,101,lambdachialpha
2017,102,phideltatheta
2017,103,deltaupsilon
2017,104,pilambdaphi
2017,105,cutters
2017,106,acacia
2017,107,deltasigmapi
2017,108,taukappaepsilon
2017,109,pilambdaphi
2017,110,deltasigmaphi
2017,111,blackice
2017,112,acacia
2017,113,phideltatheta
2017,114,alphasigmaphi
2017,115,phisigmakappa
2017,116,deltaupsilon
2017,117,jetblach
2017,118,betathere
2017,119,blackice
2017,120,deltasigmapi
2017,121,forest
2017,122,alphasigmaphi
2017,123,younglife
2017,124,blackkeybulls
2017,125,lambdachialpha
2017,126,pilambdaphi
2017,127,deltasigmapi
2017,128,betasigmapsi
2017,129,evansscholars
2017,130,deltasigmapi
2017,131,sigmaphiepsilon
2017,132,taukappaepsilon
2017,133,youngpioneer
2017,134,alphakappalambda
2017,135,betasigmapsi
2017,136,kappasigma
2017,137,evansscholars
2017,138,3ph
2017,139,jetblach
2017,140,alphaepsilonpi
2017,141,pikappaalpha
2017,142,betasigmapsi
2017,143,3ph
2017,144,blackice
2017,145,deltaupsilon
2017,146,alphasigmaphi
2017,147,younglife
2017,148,acacia
2017,149,thetachi
2017,150,younglife
2017,151,pilambdaphi
2017,152,evansscholars
2017,153,evansscholars
2017,154,alphasigmaphi
2017,155,sigmapi
2017,156,pilambdaphi
2017,157,youngpioneer
2017,158,acacia
2017,159,younglife
2017,160,alphakappalambda
2017,161,alphaepsilonpi
2017,162,alphaepsilonpi
2016,1,sigmaalphaepsilon
2016,2,deltataudelta
2016,3,cutters
2016,4,betathetapi
2016,5,blackkeybulls
2016,6,phideltatheta
2016,7,blackkeybulls
2016,8,blackkeybulls
2016,9,forest
2016,10,cutters
2016,11,wright
2016,12,phideltatheta
2016,13,blackkeybulls
2016,14,pikappaalpha
2016,15,blackkeybulls
2016,16,graygoat
2016,17,sigmaalphaepsilon
2016,18,sigmaalphaepsilon
2016,19,blackkeybulls
2016,20,lambdachialpha
2016,21,sigmaphiepsilon
2016,22,sigmanu
2016,23,deltachi
2016,24,blackkeybulls
2016,25,sigmaphiepsilon
2016,26,sigmaphiepsilon
2016,27,3ph
2016,28,3ph
2016,29,graygoat
2016,30,sigmaphiepsilon
2016,31,forest
2016,32,pikappaalpha
2016,33,sigmaalphamu
2016,34,sigmaphiepsilon
2016,35,betathetapi
2016,36,blackkeybulls
2016,37,graygoat
2016,38,deltataudelta
2016,39,sigmaphiepsilon
2016,40,pikappaalpha
2016,41,pikappaalpha
2016,42,wright
2016,43,3ph
2016,44,3ph
2016,45,thetachi
2016,46,betathetapi
2016,47,thetachi
2016,48,sigmanu
2016,49,deltachi
2016,50,sigmaphiepsilon
2016,51,csf
2016,52,forest
2016,53,cutters
2016,54,wright
2016,55,pikappaalpha
2016,56,phideltatheta
2016,57,betathetapi
2016,58,forest
2016,59,phideltatheta
2016,60,sigmanu
2016,61,sigmachi
2016,62,sigmachi
2016,63,betasigmapsi
2016,64,phigammadelta
2016,65,3ph
2016,66,blackkeybulls
2016,67,phigammadelta
2016,68,sigmaalphaepsilon
2016,69,lambdachialpha
2016,70,betathetapi
2016,71,deltataudelta
2016,72,sigmaalphaepsilon
2016,73,pikappaphi
2016,74,alphasigmaphi
2016,75,zetabetatau
2016,76,acacia
2016,77,deltasigmaphi
2016,78,deltachi
2016,79,younglife
2016,80,alphasigmaphi
2016,81,phikappasigma
2016,82,lambdachialpha
2016,83,pilambdaphi
2016,84,phigammadelta
2016,85,csf
2016,86,youngpioneer
2016,87,collinsbuccaneers
2016,88,sigmanu
2016,89,deltasigmapi
2016,90,lambdachialpha
2016,91,deltachi
2016,92,acacia
2016,93,csf
2016,94,wright
2016,95,csf
2016,96,cutters
2016,97,phisigmakappa
2016,98,sigmaalphaepsilon
2016,99,phisigmakappa
2016,100,deltataudelta
2016,101,deltasigmapi
2016,102,cutters
2016,103,phigammadelta
2016,104,sigmaalphamu
2016,105,sigmachi
2016,106,pilambdaphi
2016,107,alphasigmaphi
2016,108,acacia
2016,109,alphasigmaphi
2016,110,sigmaalphamu
2016,111,sigmachi
2016,112,pikappaalpha
2016,113,phikappasigma
2016,114,phikappasigma
2016,115,csf
2016,116,alphaepsilonpi
2016,117,crumen's
2016,118,alphaepsilonpi
2016,119,betathetapi
2016,120,3ph
2016,121,collinsbuccaneers
2016,122,younglife
2016,123,pilambdaphi
2016,124,taukappaepsilon
2016,125,deltachi
2016,126,betasigmapsi
2016,127,deltasigmapi
2016,128,acacia
2016,129,forest
2016,130,acacia
2016,131,deltachi
2016,132,phideltatheta
2016,133,alphasigmaphi
2016,134,zetabetatau
2016,135,taukappaepsilon
2016,136,graygoat
2016,137,phideltatheta
2016,138,pilambdaphi
2016,139,betasigmapsi
2016,140,sigmapi
2016,141,pilambdaphi
2016,142,collinsbucanneers
2016,143,youngpioneer
2016,144,pikappaphi
2016,145,alphaepsilonpi
2016,146,airforce
2016,147,sigmaalphamu
2016,148,sigmaalphamu
2016,149,taukappaepsilon
2016,150,phisigmakappa
2016,151,phideltatheta
2016,152,airforce
2016,153,phideltatheta
2016,154,collinsbuccaneers
2016,155,alphaepsilonpi
2016,156,betasigmapsi
2016,157,phikappasigma
2016,158,sigmapi
2016,159,taukappaepsilon
2016,160,pikappaphi
2015,1,cutters
2015,2,betathetapi
2015,3,betathetapi
2015,4,phideltatheta
2015,5,deltataudelta
2015,6,blackkeybulls
2015,7,blackkeybulls
2015,8,sigmaalphaepsilon
2015,9,deltataudelta
2015,10,blackkeybulls
2015,11,phideltatheta
2015,12,sigmaphiepsilon
2015,13,phigammadelta
2015,14,blackkeybulls
2015,15,forest
2015,16,phideltatheta
2015,17,cutters
2015,18,betathetapi
2015,19,sigmaalphaepsilon
2015,20,deltataudelta
2015,21,sigmaphiepsilon
2015,22,sigmanu
2015,23,sigmanu
2015,24,sigmaphiepsilon
2015,25,blackkeybulls
2015,26,sigmaalphaepsilon
2015,27,wright
2015,28,phideltatheta
2015,29,phikappasigma
2015,30,phikappapsi
2015,31,forest
2015,32,cutters
2015,33,alphaepsilonpi
2015,34,forest
2015,35,wright
2015,36,sigmanu
2015,37,lambdachialpha
2015,38,kappasigma
2015,39,graygoat
2015,40,deltachi
2015,41,wright
2015,42,lambdachialpha
2015,43,sigmaphiepsilon
2015,44,wright
2015,45,blackkeybulls
2015,46,graygoat
2015,47,phideltatheta
2015,48,forest
2015,49,wright
2015,50,cutters
2015,51,betathetapi
2015,52,blackkeybulls
2015,53,sigmanu
2015,54,pikappaalpha
2015,55,3ph
2015,56,graygoat
2015,57,csfmen's
2015,58,sigmaalphaepsilon
2015,59,phikappasigma
2015,60,3ph
2015,61,phigammadelta
2015,62,sigmaalphaepsilon
2015,63,betathetapi
2015,64,wright
2015,65,deltachi
2015,66,phikappapsi
2015,67,northernindiana
2015,68,deltasigmapi
2015,69,3ph
2015,70,thetachi
2015,71,deltasigmapi
2015,72,phikappasigma
2015,73,lambdachialpha
2015,74,sigmaalphamu
2015,75,sigmachi
2015,76,deltataudelta
2015,77,forest
2015,78,deltataudelta
2015,79,3ph
2015,80,graygoat
2015,81,phikappapsi
2015,82,alphaepsilonpi
2015,83,pikappaalpha
2015,84,evansscholars
2015,85,northernindiana
2015,86,csfmen's
2015,87,3ph
2015,88,pikappaalpha
2015,89,deltachi
2015,90,lambdachialpha
2015,91,cutters
2015,92,thetachi
2015,93,phikappasigma
2015,94,phideltatheta
2015,95,sigmapi
2015,96,3ph
2015,97,lambdachialpha
2015,98,deltachi
2015,99,sigmaalphamu
2015,100,collinsbuccaneers
2015,101,northernindiana
2015,102,forest
2015,104,kappasigma
2015,105,phikappasigma
2015,106,deltasigmapi
2015,107,younglife
2015,108,lambdachialpha
2015,109,younglife
2015,110,alphaepsilonpi
2015,111,wright
2015,112,phigammadelta
2015,113,phigammadelta
2015,114,forest
2015,115,alphatauomega
2015,116,deltaupsilon
2015,117,alphaepsilonpi
2015,118,younglife
2015,119,forest
2015,120,csfmen's
2015,121,phisigmakappa
2015,122,betathetapi
2015,123,thetachi
2015,124,sigmaphiepsilon
2015,125,sigmaphiepsilon
2015,126,phikappatau
2015,127,pikappaalpha
2015,128,phideltatheta
2015,129,evansscholars
2015,130,graygoat
2015,131,sigmapi
2015,132,sigmanu
2015,133,younglife
2015,134,3ph
2015,135,taukappaepsilon
2015,136,betasigmapsi
2015,137,sigmaalphamu
2015,138,csfmen's
2015,139,thetachi
2015,140,phisigmakappa
2015,141,northernindiana
2015,142,phideltatheta
2015,143,alphasigmaphi
2015,144,betasigmapsi
2015,145,sigmaalphamu
2015,146,collinsbuccaneers
2015,147,kappasigma
2015,148,deltasigmapi
2015,149,deltaupsilon
2015,150,alphasigmaphi
2015,151,sigmapi
2015,152,csfmen's
2015,153,betasigmapsi
2015,154,collinsbuccaneers
2015,155,deltaupsilon
2015,156,csfmen's
2015,157,collinsbuccaneers
2015,158,kappasigma
2014,1,betathetapi
2014,2,phideltatheta
2014,3,deltataudelta
2014,4,blackkeybulls
2014,5,phideltatheta
2014,6,cutters
2014,7,betathetapi
2014,8,phideltatheta
2014,9,blackkeybulls
2014,10,sigmachi
2014,11,blackkeybulls
2014,12,blackkeybulls
2014,13,blackkeybulls
2014,14,sigmaalphaepsilon
2014,15,deltataudelta
2014,16,phideltatheta
2014,17,betathetapi
2014,18,lambdachialpha
2014,19,blackkeybulls
2014,20,wright
2014,21,deltasigmapi
2014,22,sigmaphiepsilon
2014,23,phikappasigma
2014,24,sigmaphiepsilon
2014,25,phideltatheta
2014,26,cutters
2014,27,sigmaalphaepsilon
2014,28,csf
2014,29,phigammadelta
2014,30,phigammadelta
2014,31,lambdachialpha
2014,32,deltataudelta
2014,33,sigmaphiepsilon
2014,34,wright
2014,35,deltaupsilon
2014,36,blackkeybulls
2014,37,phideltatheta
2014,38,cutters
2014,39,graygoat
2014,40,forest
2014,41,cutters
2014,42,csf
2014,43,sigmaalphaepsilon
2014,44,alphaepsilonpi
2014,45,alphaepsilonpi
2014,46,phikappapsi
2014,47,wright
2014,48,sigmaphiepsilon
2014,49,deltataudelta
2014,50,deltataudelta
2014,51,sigmachi
2014,52,sigmaphiepsilon
2014,53,phikappapsi
2014,54,phideltatheta
2014,55,forest
2014,56,sigmaalphaepsilon
2014,57,wright
2014,58,wright
2014,59,phikappasigma
2014,60,lambdachialpha
2014,61,sigmaalphaepsilon
2014,62,deltaupsilon
2014,63,doddshouse
2014,64,deltasigmapi
2014,65,graygoat
2014,66,northernindiana
2014,67,blackkeybulls
2014,68,forest
2014,69,deltasigmapi
2014,70,wright
2014,71,phikappasigma
2014,72,deltataudelta
2014,73,sigmaphiepsilon
2014,74,sigmachi
2014,75,sigmaalphaepsilon
2014,76,phisigmakappa
2014,77,lambdachialpha
2014,78,kappadeltarho
2014,79,blackkeybulls
2014,80,phikappasigma
2014,81,betathetapi
2014,82,deltachi
2014,83,sigmanu
2014,84,lambdachialpha
2014,85,phideltatheta
2014,86,graygoat
2014,87,sigmaalphaepsilon
2014,88,sigmaalphaepsilon
2014,89,alphatauomega
2014,90,graygoat
2014,91,csf
2014,92,csf
2014,93,sigmanu
2014,94,deltasigmapi
2014,95,phideltatheta
2014,96,sigmaalphaepsilon
2014,97,phigammadelta
2014,98,lambdachialpha
2014,99,csf
2014,100,collinsbuccaneers
2014,101,deltachi
2014,102,collinsbuccaneers
2014,103,deltasigmapi
2014,104,alphatauomega
2014,105,alphatauomega
2014,106,deltaupsilon
2014,107,sigmaalphamu
2014,108,sigmaphiepsilon
2014,109,collinsbuccanears
2014,110,pikappaalpha
2014,111,evansscholars
2014,112,csf
2014,113,sigmanu
2014,114,collinsbuccaneers
2014,115,forest
2014,116,sigmaalphamu
2014,117,phikappasigma
2014,118,deltaupsilon
2014,119,phikappapsi
2014,120,sigmanu
2014,121,doddshouse
2014,122,phideltatheta
2014,123,graygoat
2014,124,deltaupsilon
2014,125,collins
2014,126,deltachi
2014,127,pikappaalpha
2014,128,phikappatau
2014,129,deltaupsilon
2014,130,collinsbuccaneers
2014,131,kappadeltarho
2014,132,lambdachialpha
2014,133,kappadeltarho
2014,134,sigmaalphamu
2014,135,phikappapsi
2014,136,csf
2014,137,lambdachialpha
2014,138,sigmaalphamu
2014,139,kappadeltarho
2014,140,phisigmakappa
2014,141,phideltatheta
2014,142,collins
2014,143,collinsbuccaneers
2014,144,phisigmakappa
2013,1,cutters
2013,2,cutters
2013,3,deltataudelta
2013,4,phideltatheta
2013,5,blackkeybulls
2013,6,betathetapi
2013,7,betathetapi
2013,8,airforce
2013,9,sigmanu
2013,10,blackkeybulls
2013,11,betathetapi
2013,12,blackkeybulls
2013,13,blackkeybulls
2013,14,phigammadelta
2013,15,thetachi
2013,16,blackkeybulls
2013,17,sigmachi
2013,18,deltataudelta
2013,19,cutters
2013,20,phideltatheta
2013,21,deltataudelta
2013,22,betathetapi
2013,23,thetachi
2013,24,cutters
2013,25,csf
2013,26,phigammadelta
2013,27,cutters
2013,28,deltasigmapi
2013,29,sigmaphiepsilon
2013,30,sigmachi
2013,31,sigmaphiepsilon
2013,32,deltataudelta
2013,33,phideltatheta
2013,34,phikappapsi
2013,35,lambdachialpha
2013,36,deltaupsilon
2013,37,phideltatheta
2013,38,blackkeybulls
2013,39,sigmanu
2013,40,phikappapsi
2013,41,phigammadelta
2013,42,sigmanu
2013,43,kappasigma
2013,44,phigammadelta
2013,45,phikappasigma
2013,46,csf
2013,47,sigmaphiepsilon
2013,48,phikappapsi
2013,49,cutters
2013,50,hillel
2013,51,graygoat
2013,52,blackkeybulls
2013,53,graygoat
2013,54,lambdachialpha
2013,55,graygoat
2013,56,hillel
2013,57,phideltatheta
2013,58,deltaupsilon
2013,59,csf
2013,60,csf
2013,61,lambdachialpha
2013,62,wright
2013,63,forest
2013,64,airforcemen
2013,65,sigmachi
2013,66,hillel
2013,67,phigammadelta
2013,68,blackkeybulls
2013,69,phideltatheta
2013,70,sigmaphiepsilon
2013,71,lambdachialpha
2013,72,phikappasigma
2013,73,sigmachi
2013,74,phideltatheta
2013,75,phideltatheta
2013,76,csf
2013,77,airforce
2013,78,kappasigma
2013,79,wright
2013,80,phikappapsi
2013,81,sigmanu
2013,82,lambdachialpha
2013,83,kappasigma
2013,84,cru
2013,85,forest
2013,86,phikappapsi
2013,87,pikappaphi
2013,88,sigmaalphaepsilon
2013,89,wright
2013,90,phigammadelta
2013,91,buccaneers
2013,92,blackkeybulls
2013,93,evansscholars
2013,94,alphaepsilonpi
2013,95,pikappaphi
2013,96,deltachi
2013,97,deltaupsilon
2013,98,cru
2013,99,forest
2013,100,csf
2013,101,deltataudelta
2013,102,csf
2013,103,deltataudelta
2013,104,thetachi
2013,105,alphatauomega
2013,106,sigmaalphaepsilon
2013,107,csf
2013,108,graygoat
2013,109,alphaepsilonpi
2013,110,pikappaphi
2013,111,betathetapi
2013,112,sigmanu
2013,113,hillel
2013,114,sigmaphiepsilon
2013,115,deltataudelta
2013,116,alphaepsilonpi
2013,117,alphatauomega
2013,118,sigmaalphaepsilon
2013,119,kappadeltarho
2013,120,deltachi
2013,121,cru
2013,122,sigmaalphaepsilon
2013,123,forest
2013,124,kappasigma
2013,125,alphaepsilonpi
2013,126,alphaepsilonpi
2013,127,phikappasigma
2013,128,phigammadelta
2013,129,phikappapsi
2013,130,phikappapsi
2013,131,lambdachialpha
2013,132,graygoat
2013,133,sigmaalphaepsilon
2013,134,collinsbuccaneers
2013,135,deltasigmapi
2013,136,betathetapi
2013,137,phikappapsi
2013,138,lambdachialpha
2013,139,evansscholars
2013,140,alphatauomega
2013,141,hillel
2013,142,collinsbuccaneers
2013,143,evanscholars
2013,144,aepi
2013,145,lambdachialpha
2013,146,deltachi
2013,147,deltaupsilon
2013,148,pikappaalpha
2013,149,deltasigmapi
2013,150,phikappasigma
2013,151,kappadeltarho
2013,152,alphaepsilonpi
2013,153,phikappasigma
2013,154,airforce
2013,155,betathetapi
2013,156,pikappaalpha
2013,157,kappadeltarho
2013,158,sigmaphiepsilon
2013,159,buccaneers
2013,160,deltaupsilon
2013,161,deltataudelta
2013,162,pikappaalpha
2013,163,pikappaalpha
2013,164,sigmaalphamu
2013,165,airforce
2013,166,sigmaalphamu
2013,167,airforce
2013,168,alphaepsilonpi
2013,169,alphatauomega
2012,1,deltataudelta
2012,2,phideltatheta
2012,3,sigmachi
2012,4,cutters
2012,5,sigmaphiepsilon
2012,6,blackkeybulls
2012,7,betathetapi
2012,8,cutters
2012,9,betathetapi
2012,10,blackkeybulls
2012,11,phideltatheta
2012,12,deltataudelta
2012,13,thetachi
2012,14,phideltatheta
2012,15,acacia
2012,16,cutters
2012,17,sigmachi
2012,18,blackkeybulls
2012,19,phikappapsi
2012,20,airforce
2012,21,betathetapi
2012,22,deltasigmapi
2012,23,betathetapi
2012,24,sigmanu
2012,25,cutters
2012,26,fiji
2012,27,thetachi
2012,28,wright
2012,29,deltataudelta
2012,30,blackkeybulls
2012,31,thetachi
2012,32,alphatauomega
2012,33,phideltatheta
2012,34,blackkeybulls
2012,35,phikappapsi
2012,36,sigmaphiepsilon
2012,37,cru
2012,38,sigmanu
2012,39,phikappasigma
2012,40,fiji
2012,41,thetachi
2012,42,betathetapi
2012,43,deltataudelta
2012,44,phideltatheta
2012,45,sigmachi
2012,46,sigmachi
2012,47,blackkeybulls
2012,48,wright
2012,49,csf
2012,50,fiji
2012,51,deltaupsilon
2012,52,acacia
2012,53,cutters
2012,54,phikappasigma
2012,55,fiji
2012,56,cutters
2012,57,airforce
2012,58,thetachi
2012,59,sigmanu
2012,60,deltaupsilon
2012,61,phideltatheta
2012,62,alphaepsilonpi
2012,63,sigmanu
2012,64,deltataudelta
2012,65,blackkeybulls
2012,66,lambdachialpha
2012,67,lambdachialpha
2012,68,cru
2012,69,kappasigma
2012,70,deltaupsilon
2012,71,doddshouse
2012,72,graygoat
2012,73,fiji
2012,74,deltasigmapi
2012,75,phikappapsi
2012,76,csf
2012,77,phikappapsi
2012,78,lambdachialpha
2012,79,greygoat
2012,80,sigmaphiepsilon
2012,81,csf
2012,82,csf
2012,83,cutters
2012,84,phideltatheta
2012,85,kappasigma
2012,86,airforce
2012,87,phideltatheta
2012,88,deltachi
2012,89,wright
2012,90,kappasigma
2012,91,airforce
2012,92,forest
2012,93,airforce
2012,94,doddshouse
2012,95,phikappatau
2012,96,acacia
2012,97,deltachi
2012,98,blackkeybulls
2012,99,fiji
2012,100,cru
2012,101,phideltatheta
2012,102,blackkeybulls
2012,103,phikappasigma
2012,104,cru
2012,105,sigmaphiepsilon
2012,106,deltachi
2012,107,wright
2012,108,graygoat
2012,109,alphaepsilonpi
2012,110,doddshouse
2012,111,sigmaalphaepsilon
2012,112,forest
2012,113,kappasigma
2012,114,deltaupsilon
2012,115,cru
2012,116,doddshouse
2012,117,deltasigmapi
2012,118,alphaepsilonpi
2012,119,phideltatheta
2012,120,sigmaalphamu
2012,121,cutters
2012,122,phikappasigma
2012,123,phikappatau
2012,124,csf
2012,125,csf
2012,126,thetachi
2012,127,betathetapi
2012,128,forest
2012,129,deltasigmapi
2012,130,acacia
2012,131,deltachi
2012,132,pikappaphi
2012,133,forest
2012,134,sigmaalphaepsilon
2012,135,cutters
2012,136,sigmaalphamu
2012,137,alphatauomega
2012,138,phikappapsi
2012,139,lambdachialpha
2012,140,wright
2012,141,cru
2012,142,pikappaphi
2012,143,alphatauomega
2012,144,sigmaalphaepsilon
2012,145,phikappatau
2012,146,airforce
2012,147,iurugby
2012,148,alphatauomega
2012,149,wright
2012,150,lambdachialpha
2012,151,graygoat
2012,152,phikappatau
2012,153,buccaneers
2012,154,alphatauomega
2012,155,sigmaalphaepsilon
2012,156,cru
2012,157,teamamalgam
2012,158,pikappaalpha
2012,159,evansscholars
2012,160,lambdachialpha
2012,161,doddshouse
2012,162,buccaneers
2012,163,evansscholars
2012,164,deltaupsilon
2012,165,thetadeltachi
2012,166,evansscholars
2012,167,alphaepsilonpi
2012,168,betasigmapsi
2012,169,pikappaalpha
2011,1,cutters
2011,2,phigammadelta
2011,3,deltataudelta
2011,4,cutters
2011,5,deltachi
2011,6,phideltatheta
2011,7,betathetapi
2011,8,sigmachi
2011,9,sigmachi
2011,10,phikappapsi
2011,11,blackkeybulls
2011,12,blackkeybulls
2011,13,acacia
2011,14,phideltatheta
2011,15,betathetapi
2011,16,phideltatheta
2011,17,deltataudelta
2011,18,sigmanu
2011,19,blackkeybulls
2011,20,phigammadelta
2011,21,deltataudelta
2011,22,cutters
2011,23,phikappapsi
2011,24,airforce
2011,25,cutters
2011,26,sigmanu
2011,27,phikappapsi
2011,28,akak
2011,29,sigmanu
2011,30,blackkeybulls
2011,31,sigmanu
2011,32,deltataudelta
2011,33,sigmachi
2011,34,sigmaalphamu
2011,35,fiji
2011,36,fiji
2011,37,cru
2011,38,graygoat
2011,39,graygoat
2011,40,hoosierclimber?
2011,41,blackkeybulls
2011,42,kappasigma
2011,43,thetachi
2011,44,hoosierclimber?
2011,45,kappasigma
2011,46,graygoat
2011,47,phideltatheta
2011,48,hoosierclimber?
2011,49,phikappapsi
2011,50,thetachi
2011,51,betathetapi
2011,52,sigmachi
2011,53,cutters
2011,54,deltaupsilon
2011,55,emanon
2011,56,kappasigma
2011,57,thetachi
2011,58,deltataudelta
2011,59,betathetapi
2011,60,cru
2011,61,doddshouse
2011,62,wright
2011,63,hoosierclimber?
2011,64,lamp
2011,65,deltasigmapi
2011,66,wright
2011,67,blackkeybulls
2011,68,achtung!
2011,69,cru
2011,70,blackkeybulls
2011,71,sigmaphiepsilon
2011,72,blackkeybulls
2011,73,fiji
2011,74,achtung!
2011,75,graygoat
2011,76,evansscholars
2011,77,pikappaalpha
2011,78,deltaupsilon
2011,79,phikappasigma
2011,80,deltachi
2011,81,#jungleexpress
2011,82,airforce
2011,83,sigmaphiepsilon
2011,84,emanon
2011,85,#jungleexpress
2011,86,pikappaalpha
2011,87,doddshouse
2011,88,wright
2011,89,sigmaalphamu
2011,90,sigmachi
2011,91,deltaupsilon
2011,92,phideltatheta
2011,93,deltataudelta
2011,94,betasigmapsi
2011,95,phideltatheta
2011,96,cru
2011,97,fiji
2011,98,lamp
2011,99,akak
2011,100,evansscholars
2011,101,akak
2011,102,csf
2011,103,phideltatheta
2011,104,doddshouse
2011,105,cru
2011,106,deltachi
2011,107,deltachi
2011,108,betasigmapsi
2011,109,betasigmapsi
2011,110,hoosierclimber?
2011,111,sigmaphiepsilon
2011,112,cutters
2011,113,emanon
2011,114,blackkeybulls
2011,115,pikappaalpha
2011,116,akak
2011,117,phikappasigma
2011,118,airforce
2011,119,fiji
2011,120,wright
2011,121,kappasigma
2011,122,sigmaalphaepsilon
2011,123,phikappasigma
2011,124,csf
2011,125,sigmaalphamu
2011,126,#jungleexpress
2011,127,cutters
2011,128,deltaupsilon
2011,129,sigmaalphamu
2011,130,hoosierclimber?
2011,131,deltasigmapi
2011,132,sigmaphiepsilon
2011,133,#jungleexpress
2011,134,airforce
2011,135,wright
2011,136,cru
2011,137,sigmaalphamu
2011,138,thetachi
2011,139,sigmaalphaepsilon
2011,140,wright
2011,141,lamp
2011,142,deltasigmapi
2011,143,lamp
2011,144,achtung!
2011,145,sigmachi
2011,146,deltaupsilon
2011,147,emanon
2011,148,phikappasigma
2011,149,sigmaalphaepsilon
2011,150,betasigmapsi
2011,151,evansscholars
2011,152,sigmaalphaepsilon
2011,153,phikappapsi
2011,154,pikappaalpha
2011,155,teamdarkhorse
2011,156,bethathetapi
2011,157,lamp
2011,158,deltasigmapi
2010,1,cutters
2010,2,phideltatheta
2010,3,phikappapsi
2010,4,phikappapsi
2010,5,phideltatheta
2010,6,phikappapsi
2010,7,phigammadelta
2010,8,cutters
2010,9,betathetapi
2010,10,blackkeybulls
2010,11,sigmachi
2010,12,phigammadelta
2010,13,deltataudelta
2010,14,sigmachi
2010,15,graygoat
2010,16,sigmachi
2010,17,deltaupsilon
2010,18,blackkeybulls
2010,19,deltaupsilon
2010,20,phideltatheta
2010,21,wright
2010,22,phigammadelta
2010,23,acacia
2010,24,phikappapsi
2010,25,deltataudelta
2010,26,evansscholars
2010,27,blackkeybulls
2010,28,betathetapi
2010,29,phigammadelta
2010,30,deltachi
2010,31,deltaupsilon
2010,32,cutters
2010,33,graygoat
2010,34,deltasigmapi
2010,35,sigmachi
2010,36,airforcecyling
2010,37,phideltatheta
2010,38,phideltatheta
2010,39,graygoat
2010,40,blackkeybulls
2010,41,sigmaphiepsilon
2010,42,betathetapi
2010,43,deltachi
2010,44,sigmaphiepsilon
2010,45,cru
2010,46,wright
2010,47,cutters
2010,48,sigmanu
2010,49,phideltatheta
2010,50,deltataudelta
2010,51,sigmanu
2010,52,phideltatheta
2010,53,deltataudelta
2010,54,evansscholars
2010,55,phideltatheta
2010,56,cru
2010,57,deltataudelta
2010,58,pikappaalpha
2010,59,hoosierclimber?
2010,60,thetachi
2010,61,achtung!
2010,62,cutters
2010,63,thetachi
2010,64,betathetapi
2010,65,hoosierclimber?
2010,66,cru
2010,67,sigmaphiepsilon
2010,68,pikappaphi
2010,69,pikappaphi
2010,70,collinsbunnygamma
2010,71,betathetapi
2010,72,iusf
2010,73,acacia
2010,74,hoosierclimber?
2010,75,phideltatheta
2010,76,thetachi
2010,77,pikappaphi
2010,78,phigammadelta
2010,79,kappasigma
2010,80,forfreedom
2010,81,cru
2010,82,sigmachi
2010,83,collinsbunnygamma
2010,84,sigmaalphaepsilon
2010,85,forfreedom
2010,86,phikappapsi
2010,87,phigammadelta
2010,88,deltachi
2010,89,kappasigma
2010,90,kappasigma
2010,91,sigmanu
2010,92,graygoat
2010,93,blackkeybulls
2010,94,sigmaalphamu
2010,95,acacia
2010,96,phisigmakappa
2010,97,doddshouse
2010,98,kappasigma
2010,99,graygoat
2010,100,deltachi
2010,101,evansscholars
2010,102,hoosierclimber?
2010,103,phisigmakappa
2010,104,phideltatheta
2010,105,evansscholars
2010,106,wright
2010,107,deltataudelta
2010,108,thetachi
2010,109,deltasigmapi
2010,110,wright
2010,111,airforce
2010,112,emanon
2010,113,doddshouse
2010,114,phikappasigma
2010,115,doddshouse
2010,116,deltachi
2010,117,phisigmakappa
2010,118,pikappaalpha
2010,119,collinsbunnygamma
2010,120,wright
2010,121,sigmaphiepsilon
2010,122,collinsbunnygamma
2010,123,pikappaphi
2010,124,emanon
2010,125,deltachi
2010,126,forfreedom
2010,127,emanon
2010,128,achtung!
2010,129,sigmaalphamu
2010,130,pikappaalpha
2010,131,sigmaalphamu
2010,132,acacia
2010,133,phisigmakappa
2010,134,deltaupsilon
2010,135,deltataudelta
2010,136,sigmaalphamu
2010,137,cru
2010,138,emanon
2010,139,airforce
2010,140,wright
2010,141,planb
2010,142,kappasigma
2010,143,deltasigmapi
2010,144,lambdachialpha
2010,145,deltasigmapi
2010,146,planb
2010,147,planb
2010,148,achtung!
2010,149,planb
2010,150,lambdachialpha
2010,151,doddshouse
2010,152,forfreedom
2010,153,evansscholars
2010,154,phikappapsi
2010,155,sigmaphiepsilon
2010,156,phikappapsi
2010,157,airforce
2010,158,phikappapsi
2010,159,achtung!
2009,1,cutters
2009,2,teammajortaylor
2009,3,deltataudelta
2009,4,phigammadelta
2009,5,blackkeybulls
2009,6,deltaupsilon
2009,7,phigammadelta
2009,8,alphatauomega
2009,9,blackkeybulls
2009,10,phigammadelta
2009,11,cutters
2009,12,phideltatheta
2009,13,acacia
2009,14,phikappapsi
2009,15,phideltatheta
2009,16,blackkeybulls
2009,17,phideltatheta
2009,18,doddshouse
2009,19,graygoat
2009,20,deltachi
2009,21,deltataudelta
2009,22,phigammadelta
2009,23,phideltatheta
2009,24,phikappapsi
2009,25,phikappapsi
2009,26,graygoat
2009,27,achtung
2009,28,wright
2009,29,twistedsteel
2009,30,blackkeybulls
2009,31,phideltatheta
2009,32,twistedsteel
2009,33,deltataudelta
2009,34,deltasigmapi
2009,35,sigmanu
2009,36,phikappapsi
2009,37,deltachi
2009,38,graygoat
2009,39,cutters
2009,40,alphatauomega
2009,41,twistedsteel
2009,42,graygoat
2009,43,sigmachi
2009,44,betathetapi
2009,45,blackkeybulls
2009,46,kappasigma
2009,47,sigmanu
2009,48,doddshouse
2009,49,cutters
2009,50,thetachi
2009,51,teammajortaylor
2009,52,deltataudelta
2009,53,deltaupsilon
2009,54,betathetapi
2009,55,wright
2009,56,sigmapi
2009,57,deltaupsilon
2009,58,pikappaphi
2009,59,sigmachi
2009,60,pikappaphi
2009,61,deltasigmapi
2009,62,alphatauomega
2009,63,blackkeybulls
2009,64,graygoat
2009,65,teammajortaylor
2009,66,sigmachi
2009,67,sigmaalphamu
2009,68,achtung
2009,69,phideltatheta
2009,70,phisigmakappa
2009,71,phikappasigma
2009,72,thetachi
2009,73,collinsbunnygamma
2009,74,sigmapi
2009,75,sigmapi
2009,76,twistedsteel
2009,77,sigmaphiepsilon
2009,78,viciousanddelicious
2009,79,deltasigmapi
2009,80,deltataudelta
2009,81,thetachi
2009,82,cutters
2009,83,doddshouse
2009,84,wright
2009,85,viciousanddelicious
2009,86,kappasigma
2009,87,cru
2009,88,wright
2009,89,deltasigmapi
2009,90,alphatauomega
2009,91,pikappaphi
2009,92,deltaupsilon
2009,93,phigammadelta
2009,94,sigmaphiepsilon
2009,95,sigmaphiepsilon
2009,96,deltachi
2009,97,blackkeybulls
2009,98,sigmachi
2009,99,collinsbunnygamma
2009,100,thetachi
2009,101,pikappaalpha
2009,102,sigmaalphamu
2009,103,wright
2009,104,thetachi
2009,105,doddshouse
2009,106,cru
2009,107,evansscholars
2009,108,acacia
2009,109,sigmachi
2009,110,sigmapi
2009,111,cru
2009,112,deltachi
2009,113,alphatauomega
2009,114,sigmapi
2009,115,betathetapi
2009,116,graygoat
2009,117,phideltatheta
2009,118,cru
2009,119,phikappasigma
2009,120,phisigmakappa
2009,121,sigmaalphamu
2009,122,sigmaalphaepsilon
2009,123,viciousanddelcious
2009,124,collinsbunnygamma
2009,125,viciousanddelicious
2009,126,blackkeybulls
2009,127,achtung
2009,128,pikappaalpha
2009,129,deltaupsilon
2009,130,thetachi
2009,131,kappasigma
2009,132,sigmanu
2009,133,evansscholars
2009,134,phikappasigma
2009,135,sigmaphiepsilon
2009,136,betathetapi
2009,137,sigmaphiepsilon
2009,138,pikappaalpha
2009,139,sigmanu
2009,140,sigmanu
2009,141,viciousanddelicious
2009,142,sigmaalphamu
2009,143,phisigmakappa
2009,144,kappasigma
2009,145,phikappapsi
2009,146,phikappasigma
2009,147,pikappaalpha
2009,148,sigmaalphaepsilon
2009,149,achtung
2009,150,phideltatheta
2009,151,achtung
2009,152,sigmaalphaepsilon
2009,153,kappasigma
2009,154,alphatauomega
2009,155,phikappasigma
2009,156,cru
2009,157,sigmaphiepsilon
2009,158,deltataudelta
2009,159,evansscholars
2009,160,sigmaalphaepsilon
2009,161,teammajortaylor
2009,162,pikappaalpha
2009,163,evansscholars
2009,164,doddshouse
2009,165,evansscholars
2008,1,blackkeybulls
2008,2,phideltatheta
2008,3,cutters
2008,4,cutters
2008,5,cutters
2008,6,alphatauomega
2008,7,teammajortaylor
2008,8,phikappapsi
2008,9,acacia
2008,10,doddshouse
2008,11,phikappapsi
2008,12,teammajortaylor
2008,13,blackkeybulls
2008,14,blackkeybulls
2008,15,cutters
2008,16,doddshouse
2008,17,phigammadelta
2008,18,phikappapsi
2008,19,phigammadelta
2008,20,acacia
2008,21,deltaupsilon
2008,22,simgaalphamu
2008,23,deltasigmapi
2008,24,deltataudelta
2008,25,deltataudelta
2008,26,phikappapsi
2008,27,phideltatheta
2008,28,ridedmc
2008,29,wright
2008,30,deltaupsilon
2008,31,alphatauomega
2008,32,blackkeybulls
2008,33,phikappapsi
2008,34,phigammadelta
2008,35,sigmaalphamu
2008,36,ridedmc
2008,37,acacia
2008,38,ridedmc
2008,39,sigmachi
2008,40,alphatauomega
2008,41,phideltatheta
2008,42,sigmanu
2008,43,deltasigmapi
2008,44,evansscholars
2008,45,blackkeybulls
2008,46,acacia
2008,47,sigmaalphamu
2008,48,greygoat
2008,49,phideltatheta
2008,50,deltataudelta
2008,51,doddshouse
2008,52,sigmachi
2008,53,phikappatau
2008,54,simgaalphamu
2008,55,sigmachi
2008,56,sigmanu
2008,57,deltasigmapi
2008,58,greygoat
2008,59,deltaupsilon
2008,60,deltaupsilon
2008,61,achtung
2008,62,cru
2008,63,teammajortaylor
2008,64,phideltatheta
2008,65,betathetapi
2008,66,phigammadelta
2008,67,deltasigmapi
2008,68,collins
2008,69,pikappaphi
2008,70,deltataudelta
2008,71,phideltatheta
2008,72,greygoat
2008,73,ridedmc
2008,74,deltataudelta
2008,75,wright
2008,76,_
2008,77,sigmapi
2008,78,wright
2008,79,acacia
2008,80,wright
2008,81,collins
2008,82,sigmachi
2008,83,achtung
2008,84,sigmachi
2008,85,thetachi
2008,86,phisigmakappa
2008,87,sigmaphiepsilon
2008,88,sigmapi
2008,89,evansscholars
2008,90,cru
2008,91,cru
2008,92,evansscholars
2008,93,deltasigmapi
2008,94,teamsofa
2008,95,phikappasigma
2008,96,teammajortaylor
2008,97,sigmaphiepsilon
2008,98,phideltatheta
2008,99,deltasigmapi
2008,100,betathetapi
2008,101,pikappaalpha
2008,102,simgaphiepsilon
2008,103,phikappasigma
2008,104,sigmanu
2008,105,achtung
2008,106,greygoat
2008,107,phikappasigma
2008,108,betathetapi
2008,109,betathetapi
2008,110,chiphi
2008,111,sigmanu
2008,112,sigmaphiepsilon
2008,113,deltasigmapi
2008,114,wright
2008,115,sigmapi
2008,116,deltataudelta
2008,117,pikappaalpha
2008,118,sigmanu
2008,119,cru
2008,120,alphatauomega
2008,121,thetachi
2008,122,deltasigmapi
2008,123,thetachi
2008,124,phikappatau
2008,125,deltaupsilon
2008,126,pikappaalpha
2008,127,phisigmakappa
2008,128,thetachi
2008,129,simgaphiepsilon
2008,130,wright
2008,131,sigmapi
2008,132,teammajortaylor
2008,133,greygoat
2008,134,chiphi
2008,135,deltaupsilon
2008,136,phikappapsi
2008,137,phisigmakappa
2008,138,phisigmakappa
2008,139,thetachi
2008,140,phikappatau
2008,141,cru
2008,142,evansscholars
2008,143,pikappaalpha
2008,144,phikappasigma
2008,145,achtung
2008,146,pikappaalpha
2008,147,cru
2008,148,sigmapi
2008,149,evansscholars
2008,150,phikappasigma
2008,151,deltasigmapi
2007,1,cutters
2007,2,cutters
2007,3,phikappapsi
2007,4,blackkeybulls
2007,5,cutters
2007,6,phikappapsi
2007,7,doddshouse
2007,8,doddshouse
2007,9,doddshouse
2007,10,phigammadelta
2007,11,blackkeybulls
2007,12,doddshouse
2007,13,teammajortaylor
2007,14,phikappapsi
2007,15,phideltatheta
2007,16,doddshouse
2007,17,blackkeybulls
2007,18,betathetapi
2007,19,deltaupsilon
2007,20,tmt
2007,21,alphatauomega
2007,22,deltasigmapi
2007,23,briscoe
2007,24,phikappapsi
2007,25,cutters
2007,26,alphatauomega
2007,27,alphatauomega
2007,28,sigmanu
2007,29,betathetapi
2007,30,cinzano
2007,31,acacia
2007,32,phigammadelta
2007,33,phigammadelta
2007,34,cutters
2007,35,phikappapsi
2007,36,phikappapsi
2007,37,pikappaalpha
2007,38,acacia
2007,39,deltaupsilon
2007,40,phideltatheta
2007,41,evansscholars
2007,42,sigmaphiepsilon
2007,43,blackkeybulls
2007,44,cinzano
2007,45,cinzano
2007,46,deltataudelta
2007,47,phikappasigma
2007,48,doddshouse
2007,49,phigammadelta
2007,50,phisigmakappa
2007,51,acacia
2007,52,thetachi
2007,53,sigmachi
2007,54,balckkeybulls
2007,55,sigmanu
2007,56,deltasigmapi
2007,57,pikappaalpha
2007,58,cutters
2007,59,deltataudelta
2007,60,achtung
2007,61,alphaepsilonpi
2007,62,deltaupsilon
2007,63,phigammadelta
2007,64,betathetapi
2007,65,pikappaphi
2007,66,achtung
2007,67,deltaupsilon
2007,68,phigammadelta
2007,69,lambdachialpha
2007,70,deltaupsilon
2007,71,blackkeybulls
2007,72,wright
2007,73,acacia
2007,74,sigmaalphamu
2007,75,sigmachi
2007,76,sigmapi
2007,77,betathetapi
2007,78,tmt
2007,79,sigmapi
2007,80,phisigmakappa
2007,81,alphaepsilonpi
2007,82,iurugby
2007,83,sigmaalphamu
2007,84,deltasigmapi
2007,85,phigammadelta
2007,86,chiphi
2007,87,thetachi
2007,88,deltasigmapi
2007,89,sigmaalphamu
2007,90,phisigmakappa
2007,91,sigmaalphamu
2007,92,pikappaalpha
2007,93,sigmachi
2007,94,chiphi
2007,95,wright
2007,96,sigmanu
2007,97,thetachi
2007,98,blackkeybulls
2007,99,cinzano
2007,100,blackkeybulls
2007,101,phikappasigma
2007,102,deltataudelta
2007,103,pikappaphi
2007,104,forest
2007,105,sigmaphiepsilon
2007,106,collins
2007,107,tmt
2007,108,briscoe
2007,109,deltaupsilon
2007,110,sigmaphiepsilon
2007,111,pikappaphi
2007,112,achtung
2007,113,phideltatheta
2007,114,tmt
2007,115,alphaepsilonpi
2007,116,forest
2007,117,lambdachialpha
2007,118,deltasigmapi
2007,119,iurugby
2007,120,tmt
2007,121,alphatauomega
2007,122,blackkeybulls
2007,123,teamsofa
2007,124,wright
2007,125,forest
2007,126,chiphi
2007,127,evansscholars
2007,128,phikappasigma
2007,129,alphaepsilonpi
2007,130,sigmaphiepsilon
2007,131,alphaepsilonpi
2007,132,lambdachialpha
2007,133,wright
2007,134,phikappasigma
2007,135,sigmanu
2007,136,sigmachi
2007,137,pikappaalpha
2007,138,iurugby
2007,139,iurugby
2007,140,phisigmakappa
2007,141,sigmaalphamu
2007,142,phideltatheta
2007,143,phisigmakappa
2007,144,deltataudelta
2007,145,phideltatheta
2007,146,acacia
2007,147,sigmapi
2007,148,cinzano
2007,149,phikappapsi
2007,150,sigmachi
2007,151,chiphi
2007,152,pikappaalpha
2007,153,alphaepsilonpi
2006,1,alphatauomega
2006,2,cutters
2006,3,briscoe
2006,4,akak
2006,5,cinzano
2006,6,phikappapsi
2006,7,doddshouse
2006,8,cutters
2006,9,cutters
2006,10,phikappapsi
2006,11,doddshouse
2006,12,akak
2006,13,doddshouse
2006,14,phigammadelta
2006,15,phikappapsi
2006,16,doddshouse
2006,17,phikappapsi
2006,18,phigammadelta
2006,19,deltaupsilon
2006,20,forest
2006,21,phikappasigma
2006,22,blackkeybulls
2006,23,deltaupsilon
2006,24,akak
2006,25,blackkeybulls
2006,26,alphatauomega
2006,27,forest
2006,28,lisihi
2006,29,sigmapi
2006,30,phigammadelta
2006,31,deltaupsilon
2006,32,phikappapsi
2006,33,alphaepsilonpi
2006,34,doddshouse
2006,35,phikappapsi
2006,36,sigmaalphamu
2006,37,cutters
2006,38,doddshouse
2006,39,forest
2006,40,lisihi
2006,41,phikappasigma
2006,42,doddshouse
2006,43,wright
2006,44,forest
2006,45,akak
2006,46,sigmachi
2006,47,phigammadelta
2006,48,deltaupsilon
2006,49,sigmapi
2006,50,betathetapi
2006,51,pikappaalpha
2006,52,majortaylorunited
2006,53,collins
2006,54,sigmaalphamu
2006,55,betathetapi
2006,56,lisihi
2006,57,collins
2006,58,deltasigmapi
2006,59,cinzano
2006,60,deltaupsilon
2006,61,forest
2006,62,forest
2006,63,deltataudelta
2006,64,evansscholars
2006,65,alphaepsilonpi
2006,66,cinzano
2006,67,rainbow
2006,68,deltaupsilon
2006,69,pikappaphi
2006,70,briscoe
2006,71,majortaylorunited
2006,72,parrothead
2006,73,sigmapi
2006,74,alphatauomega
2006,75,lisihi
2006,76,sigmaalphamu
2006,77,deltasigmapi
2006,78,sigmapi
2006,79,wright
2006,80,lambdachialpha
2006,81,rainbow
2006,82,betathetapi
2006,83,phikappasigma
2006,84,chiphi
2006,85,achtung
2006,86,sigmachi
2006,87,pikappaphi
2006,88,zetabetatau
2006,89,collins
2006,90,phigammadelta
2006,91,parrothead
2006,92,chiphi
2006,93,alphatauo
2006,94,blackkeybulls
2006,95,lambdachialpha
2006,96,pikappaalpha
2006,97,chiphi
2006,98,phigammadelta
2006,99,betathetapi
2006,100,achtung
2006,101,pikappaalpha
2006,102,ashton
2006,103,parrothead
2006,104,alphaepsilonpi
2006,105,sigmaalphamu
2006,106,phikappapsi
2006,107,majortaylorunited
2006,108,lambdachialpha
2006,109,pikappaphi
2006,110,achtung
2006,111,briscoe
2006,112,deltataudelta
2006,113,majortaylorunited
2006,114,parrothead
2006,115,cinzano
2006,116,evansscholars
2006,117,deltaupsilon
2006,118,blackkeybulls
2006,119,sigmachi
2006,120,rainbow
2006,121,deltataudelta
2006,122,pikappaphi
2006,123,sigmaalphamu
2006,124,zetabetatau
2006,125,wright
2006,126,evansscholars
2006,127,deltaupsilon
2006,128,lambdachialpha
2006,129,collins
2006,130,alphaepsilonpi
2006,131,pikappaphi
2006,132,lambdachialpha
2006,133,pikappaalpha
2006,134,sigmaalphamu
2006,135,acc
2006,136,rainbow
2006,137,achtung
2006,138,pikappaphi
2006,139,forest
2006,140,deltaupsilon
2006,141,forest
2006,142,blackkeybulls
2006,143,deltataudelta
2006,144,evansscholars
2006,145,ashton
2006,146,sigmapi
2006,147,sigmachi
2006,148,zetabetatau
2006,149,pikappaalpha
2006,150,evansscholars
2006,151,pikappaphi
2006,152,blackkeybulls
2006,153,sigmapi
2005,1,alphatauomega
2005,2,phigammadelta
2005,3,doddshouse
2005,4,cutters
2005,5,cutters
2005,6,phigammadelta
2005,7,doddshouse
2005,8,briscoe
2005,9,deltaupsilon
2005,10,phigammadelta
2005,11,cutters
2005,12,cutters
2005,13,cutters
2005,14,phigammadelta
2005,15,deltaupsilon
2005,16,phikappapsi
2005,17,briscoe
2005,18,sigmachi
2005,19,acacia
2005,20,deltasigmapi
2005,21,collins
2005,22,achtung
2005,23,sigmapi
2005,24,briscoe
2005,25,doddshouse
2005,26,forest
2005,27,deltaupsilon
2005,28,doddshouse
2005,29,alphatau
2005,30,alphatau
2005,31,phikappapsi
2005,32,betathetapi
2005,33,deltaupsilon
2005,34,alphatau
2005,35,phikappapsi
2005,36,forest
2005,37,sigmapi
2005,38,phigammadelta
2005,39,sigmachi
2005,40,phisigmakappa
2005,41,deltaupsilon
2005,42,lisihi
2005,43,phigammadelta
2005,44,phigammadelta
2005,45,chiphi
2005,46,alphaepsilonpi
2005,47,sigmaalphamu
2005,48,sigmapi
2005,49,acacia
2005,50,lisihi
2005,51,phikappapsi
2005,52,phikappasigma
2005,53,briscoe
2005,54,betathetapi
2005,55,phisigmakappa
2005,56,wright
2005,57,phisigmakappa
2005,58,forest
2005,59,cinzano
2005,60,cinzano
2005,61,alphatau
2005,62,phikappasigma
2005,63,deltasigmapi
2005,64,collins
2005,65,phigammadelta
2005,66,deltataudelta
2005,67,wright
2005,68,forest
2005,69,lisihi
2005,70,phisigmakappa
2005,71,signachi
2005,72,sigmanu
2005,73,sigmanu
2005,74,lambdachi
2005,75,acacia
2005,76,sigmaalphamu
2005,77,collins
2005,78,collins
2005,79,collins
2005,80,pikappaphi
2005,81,achtung
2005,82,phikappapsi
2005,83,sigmanu
2005,84,pikappaphi
2005,85,wright
2005,86,lisihi
2005,87,alphaepsilonpi
2005,88,sigmaalphamu
2005,89,teammajor
2005,90,alphatau
2005,91,pikappaalpha
2005,92,pikappaphi
2005,93,sigmapi
2005,94,deltataudelta
2005,95,mezcla
2005,96,acacia
2005,97,phikappasigma
2005,98,parrothead
2005,99,parrothead
2005,100,deltasigmapi
2005,101,alphatau
2005,102,sigmanu
2005,103,evansscholars
2005,104,betathetapi
2005,105,betathetapi
2005,106,evansscholars
2005,107,parrothead
2005,108,pikappaalpha
2005,109,lisihi
2005,110,cinzano
2005,111,cinzano
2005,112,evansscholars
2005,113,alphaepsilonpi
2005,114,acacia
2005,115,pikappaalpha
2005,116,alphaepsilonpi
2005,117,achtung
2005,118,cinzano
2005,119,lambdachi
2005,120,sigmaalphamu
2005,121,wright
2005,122,chiphi
2005,123,pikappaphi
2005,124,chiphi
2005,125,teammajor
2005,126,zetabetatau
2005,127,pikappaphi
2005,128,mezcla
2005,129,teammajor
2005,130,phikappasigma
2005,131,chiphi
2005,132,sigmaalphamu
2005,133,deltataudelta
2005,134,evansscholars
2005,135,sigmapi
2005,136,sigmachi
2005,137,phikappasigma
2005,138,zetabetatau
2005,139,alphaepsilonpi
2004,1,cutters
2004,2,phigammadelta
2004,3,doddshouse
2004,4,alphatauomega
2004,5,acacia
2004,6,cutters
2004,7,acr
2004,8,phigammadelta
2004,9,cutters
2004,10,phideltatheta
2004,11,phigammadelta
2004,12,sigmapi
2004,13,cutters
2004,14,briscoe
2004,15,cutters
2004,16,acr
2004,17,cutters
2004,18,deltaupsilon
2004,19,acacia
2004,20,phikappapsi
2004,21,acacia
2004,22,phikappapsi
2004,23,briscoe
2004,24,doddshouse
2004,25,teammajortaylor
2004,26,sigmachi
2004,27,acacia
2004,28,teammajortaylor
2004,29,sigmachi
2004,30,sincere
2004,31,alphatauomega
2004,32,achtung
2004,33,phigammadelta
2004,34,doddshouse
2004,35,tetermen
2004,36,chiphi
2004,37,cutters
2004,38,chiphi
2004,39,chiphi
2004,40,wright
2004,41,alphatauomega
2004,42,phikappasigma
2004,43,briscoe
2004,44,sincere
2004,45,sigmanu
2004,46,deltataudelta
2004,47,sigmachi
2004,48,doddshouse
2004,49,phigammadelta
2004,50,deltataudelta
2004,51,acr
2004,52,teammajortaylor
2004,53,phikappapsi
2004,54,wright
2004,55,armyrotc
2004,56,deltasigmapi
2004,57,forest
2004,58,deltaupsilon
2004,59,forest
2004,60,kimball
2004,61,kimball
2004,62,phikappapsi
2004,63,phikappapsi
2004,64,tetermen
2004,65,willkie
2004,66,phideltatheta
2004,67,briscoe
2004,68,sigmapi
2004,69,sincere
2004,70,phigammadelta
2004,71,acacia
2004,72,phideltatheta
2004,73,sigmapi
2004,74,fosterinternational
2004,75,teammajortaylor
2004,76,acr
2004,77,sigmanu
2004,78,tetermen
2004,79,sigmapi
2004,80,alphatauomega
2004,81,sigmanu
2004,82,wright
2004,83,sigmachi
2004,84,deltasigmapi
2004,85,deltaupsilon
2004,86,phikappapsi
2004,87,chiphi
2004,88,tetermen
2004,89,sincere
2004,90,acr
2004,91,kimball
2004,92,achtung
2004,93,sigmapi
2004,94,deltataudelta
2004,95,forest
2004,96,zbt
2004,97,kimball
2004,98,armyrotc
2004,99,deltataudelta
2004,100,teammajortaylor
2004,101,sigmaalphamu
2004,102,alphatauomega
2004,103,evansscholars
2004,104,phikappasigma
2004,105,armyrotc
2004,106,armyrotc
2004,107,willkie
2004,108,willkie
2004,109,armyrotc
2004,110,willkie
2004,111,deltataudelta
2004,112,sincere
2004,113,zbt
2004,114,deltasigmapi
2004,115,evansscholars
2004,116,fosterinternational
2004,117,zbt
2004,118,kimball
2004,119,wright
2004,120,armyrotc
2004,121,phikappapsi
2004,122,sigmaalphamu
2004,123,zbt
2004,124,sigmanu
2004,125,altaashton
2004,126,sigmaalphamu
2004,127,fosterinternational
2004,128,armyrotc
2004,129,forest
2004,130,evansscholars
2003,1,gafombi
2003,2,phigammadelta
2003,3,corleones
2003,4,phideltatheta
2003,5,sigmapi
2003,6,acacia
2003,7,phigammadelta
2003,8,acr
2003,9,alphatauomega
2003,10,gafombi
2003,11,alphatauomega
2003,12,pikappaphi
2003,13,phigammadelta
2003,14,sigmapi
2003,15,acr
2003,16,corleones
2003,17,dodds
2003,18,phideltatheta
2003,19,dodds
2003,20,sigmachi
2003,21,phideltatheta
2003,22,alphatauomega
2003,23,phigammadelta
2003,24,corleones
2003,25,teammajortaylor
2003,26,forest
2003,27,acacia
2003,28,phideltatheta
2003,29,sigmachi
2003,30,cutters
2003,31,phigammadelta
2003,32,cinzano
2003,33,pikappaphi
2003,34,gafombi
2003,35,gafombi
2003,36,teammajortaylor
2003,37,pikappaphi
2003,38,cutters
2003,39,dodds
2003,40,acacia
2003,41,corleones
2003,42,kappasigma
2003,43,chiphi
2003,44,phikappapsi
2003,45,cinzano
2003,46,cinzano
2003,47,cutters
2003,48,sigmapi
2003,49,phikappapsi
2003,50,chiphi
2003,51,phigammadelta
2003,52,acr
2003,53,briscoe
2003,54,cinzano
2003,55,sigmachi
2003,56,dodds
2003,57,sigmanu
2003,58,acacia
2003,59,pikappaphi
2003,60,teammajortaylor
2003,61,forest
2003,62,deltaupsilon
2003,63,pikappaphi
2003,64,teter
2003,65,read
2003,66,forest
2003,67,sigmachi
2003,68,pikappaphi
2003,69,kimball
2003,70,chiphi
2003,71,wright
2003,72,phigammadelta
2003,73,fratello
2003,74,lambdachialpha
2003,75,acr
2003,76,army
2003,77,teammajortaylor
2003,78,chiphi
2003,79,briscoe
2003,80,kappasigma
2003,81,forest
2003,82,kimball
2003,83,sigmapi
2003,84,acacia
2003,85,gafombi
2003,86,deltaupsilon
2003,87,deltasigmapi
2003,88,lambdachialpha
2003,89,willkie
2003,90,alphasigmaphi
2003,91,wright
2003,92,alphaepsilonpi
2003,93,alphatauomega
2003,94,cinzano
2003,95,kimball
2003,96,altaashton
2003,97,altaashton
2003,98,phikappapsi
2003,99,fratello
2003,100,wilkie
2003,101,deltasigmapi
2003,102,sigmanu
2003,103,deltasigmapi
2003,104,phikappapsi
2003,105,alphasigmaphi
2003,106,alphasigmaphi
2003,107,alphatauomega
2003,108,teter
2003,109,phikappapsi
2003,110,altaashton
2003,111,lambdachialpha
2003,112,acr
2003,113,teter
2003,114,altaashton
2003,115,alphaepsilonpi
2003,116,alphasigmaphi
2003,117,deltaupsilon
2003,118,alphaepsilonpi
2003,119,alphaepsilonpi
2003,120,deltasigmapi
2003,121,wright
2003,122,teter
2003,123,fratello
2003,124,altaashton
2003,125,kappasigma
2003,126,army
2003,127,kappasigma
2003,128,deltaupsilon
2002,1,thecorleones
2002,2,phideltatheta
2002,3,thedoddshouse
2002,4,gafombi
2002,5,thedoddshouse
2002,6,thecorleones
2002,7,thecorleones
2002,8,thecorleones
2002,9,phigammadelta
2002,10,acacia
2002,11,teter
2002,12,sigmaphiepsilon
2002,13,gafombi
2002,14,thedoddshouse
2002,15,achtung
2002,16,pikappaphi
2002,17,cutters
2002,18,phideltatheta
2002,19,pikappaphi
2002,20,sigmaphiepsilon
2002,21,phigammadelta
2002,22,phideltatheta
2002,23,briscoe
2002,24,thecutters
2002,25,sigmaphiepsilon
2002,26,fratello
2002,27,phideltatheta
2002,28,phigammadelta
2002,29,phideltatheta
2002,30,phigammadelta
2002,31,sigmapi
2002,32,sigmaphiepsilon
2002,33,achtung
2002,34,thedoddshouse
2002,35,pikappaphi
2002,36,cinzano
2002,37,acacia
2002,38,phigammadelta
2002,39,thecutters
2002,40,deltachi
2002,41,gafombi
2002,42,sigmapi
2002,43,teter
2002,44,teter
2002,45,gafombi
2002,46,deltaupsilon
2002,47,kappasigma
2002,48,phigammadelta
2002,49,chiphi
2002,50,sigmapi
2002,51,phideltatheta
2002,52,phikappapsi
2002,53,phigammadelta
2002,54,chiphi
2002,55,thecutters
2002,56,chiphi
2002,57,deltachi
2002,58,phikappapsi
2002,59,achtung
2002,60,deltachi
2002,61,altashton
2002,62,fratello
2002,63,acacia
2002,64,fratello
2002,65,alphatauomega
2002,66,acacia
2002,67,alphatauomega
2002,68,godspeed
2002,69,forest
2002,70,sigmaphiepsilon
2002,71,phikappapsi
2002,72,briscoe
2002,73,teter
2002,74,kappasigma
2002,75,forest
2002,76,pikappaphi
2002,77,sigmapi
2002,78,godspeed
2002,79,pikappaphi
2002,80,thedoddshouse
2002,81,chiphi
2002,82,sigmanu
2002,83,cinzano
2002,84,lambdachialpha
2002,85,kappasigma
2002,86,kappasigma
2002,87,deltaupsilon
2002,88,deltasigmapi
2002,89,cinzano
2002,90,altashton
2002,91,altashton
2002,92,sigmanu
2002,93,sigmanu
2002,94,achtung
2002,95,sigmanu
2002,96,cinzano
2002,97,altashton
2002,98,pikappaphi
2002,99,thecutters
2002,100,phikappapsi
2002,101,alphasigmaphi
2002,102,forest
2002,103,fratello
2002,104,lambdachialpha
2002,105,sigmanu
2002,106,willkie
2002,107,alphatauomega
2002,108,fratello
2002,109,deltasigmapi
2002,110,lambdachialpha
2002,111,phisigmakappa
2002,112,godspeed
2002,113,briscoe
2002,114,lambdachialpha
2002,115,kappasigma
2002,116,phisigmakappa
2002,117,alphasigmaphi
2002,118,thedoddshouse
2002,119,deltaupsilon
2002,120,deltaupsilon
2002,121,forest
2002,122,deltakappaepsilon
2001,1,phideltatheta
2001,2,phigammadelta
2001,3,acacia
2001,4,sigmaalphaepsilon
2001,5,cutters
2001,6,chiphi
2001,7,phideltatheta
2001,8,deltataudelta
2001,9,sigmaphiepsilon
2001,10,deltachi
2001,11,sigmaalphaepsilon
2001,12,phigammadelta
2001,13,phigammadelta
2001,14,sigmaphiepsilon
2001,15,phigammadelta
2001,16,phideltatheta
2001,17,betathetapi
2001,18,betathetapi
2001,19,doddshouse
2001,20,pikappaphi
2001,21,betathetapi
2001,22,cutters
2001,23,teter
2001,24,sigmaphiepsilon
2001,25,lambdachialpha
2001,26,deltachi
2001,27,cinzano
2001,28,doddshouse
2001,29,cutter
2001,30,doddshouse
2001,31,cutters
2001,32,phideltatheta
2001,33,teter
2001,34,pikappaalpha
2001,35,auchtung
2001,36,regioncrew
2001,37,cutters
2001,38,acacia
2001,39,phideltatheta
2001,40,alphatauomega
2001,41,galveston
2001,42,sigmapi
2001,43,chiphi
2001,44,alta
2001,45,kappasigma
2001,46,sigmapi
2001,47,deltachi
2001,48,briscoeblur
2001,49,lambdachialpha
2001,50,sigmanu
2001,51,sigmaphiepsilon
2001,52,teter
2001,53,chiphi
2001,54,cinzano
2001,55,auchtung
2001,56,deltachi
2001,57,evansscholars
2001,58,galveston
2001,59,alphatauomega
2001,60,pikappaphi
2001,61,acacia
2001,62,betathetapi
2001,63,kappasigma
2001,64,deltachi
2001,65,alphatauomega
2001,66,pikappaalpha
2001,67,phikappapsi
2001,68,alta
2001,69,sae
2001,70,briscoeblur
2001,71,deltataudelta
2001,72,cinzano
2001,73,deltasigmapi
2001,74,deltataudelta
2001,75,alphatauomega
2001,76,cinzano
2001,77,kappasigma
2001,78,kappasigma
2001,79,chiphi
2001,80,deltaupsilon
2001,81,phigammadelta
2001,82,sigmaphiepsilon
2001,83,galveston
2001,84,_
2001,85,sae
2001,86,doddshouse
2001,87,deltachi
2001,88,briscoeblur
2001,89,auchtung
2001,90,sigmanu
2001,91,phigammadelta
2001,92,teter
2001,93,sigmaphiepsilon
2001,94,chiphi
2001,95,foster
2001,96,deltasigmapi
2001,97,deltataudelta
2001,98,briscoeblur
2001,99,pikappaalpha
2001,100,forest
2001,101,sigmapi
2001,102,pikappaphi
2001,103,sigmachi
2001,104,pikappaphi
2001,105,teter
2001,106,galveston
2001,107,sigmachi
2001,108,cinzano
2001,109,sigmapi
2001,110,alphaepsilonpi
2001,111,regioncrew
2001,112,pikappaalpha
2001,113,phideltatheta
2001,114,sigmanu
2001,115,teter
2001,116,lambdachialpha
2001,117,sigmanu
2001,118,evansscholars
2001,119,pikappaalpha
2001,120,evansscholars
2001,121,sigmapi
2001,122,phikappapsi
2001,123,cinzano
2001,124,phikappapsi
2001,125,roadrage
2001,126,phikappapsi
2001,127,phikappapsi
2001,128,alta
2001,129,deltaupsilon
2001,130,chiphi
2001,131,evansscholars
2001,132,zetabetatau
2001,133,forest
2001,134,deltaupsilon
2001,135,alphaepsilonpi
2001,136,deltasigmapi
2001,137,alphaepsilonpi
2001,138,deltaupsilon
2001,139,forest
2001,140,zetabetatau
2001,141,alphaepsilonpi
2001,142,zetabetatau
2000,1,cutters
2000,2,cutters
2000,3,chiphi
2000,4,thetachi
2000,5,sigmaalphaepsilon
2000,6,chiphi
2000,7,phideltatheta
2000,8,sigmaalphaepsilon
2000,9,phideltatheta
2000,10,thetachi
2000,11,sigmaphiepsilon
2000,12,phigammadelta
2000,13,sigmachi
2000,14,deltachi
2000,15,phigammadelta
2000,16,cutters
2000,17,kappasigma
2000,18,phideltatheta
2000,19,sigmachi
2000,20,cutters
2000,21,sigmaphiepsilon
2000,22,phigammadelta
2000,23,deltataudelta
2000,24,phigammadelta
2000,25,cutters
2000,26,sigmaphiepsilon
2000,27,sigmanu
2000,28,sigmaalphaepsilon
2000,29,thetachi
2000,30,thetachi
2000,31,fratello
2000,32,sigmaphiepsilon
2000,33,sigmanu
2000,34,sigmaphiepsilon
2000,35,phigammadelta
2000,36,pikappaphi
2000,37,deltachi
2000,38,doddshouse
2000,39,sigmanu
2000,40,acacia
2000,41,chiphi
2000,42,phikappapsi
2000,43,acacia
2000,44,doddshouse
2000,45,fratello
2000,46,deltataudelta
2000,47,cinzano
2000,48,alphatauomega
2000,49,deltachi
2000,50,sigmaalphaepsilon
2000,51,phikappapsi
2000,52,deltachi
2000,53,alphatauomega
2000,54,chiphi
2000,55,betathetapi
2000,56,sigmaalphaepsilon
2000,57,alphatauomega
2000,58,fratello
2000,59,acacia
2000,60,evansscholars
2000,61,kappasigma
2000,62,alphatauomega
2000,63,betathetapi
2000,64,deltachi
2000,65,sigmanu
2000,66,phikappapsi
2000,67,lambdachialpha
2000,68,doddshouse
2000,69,doddshouse
2000,70,pikappaphi
2000,71,sigmachi
2000,72,betathetapi
2000,73,alphatauomega
2000,74,phideltatheta
2000,75,cinzano
2000,76,phigammadelta
2000,77,teter
2000,78,chiphi
2000,79,kappasigma
2000,80,lambdachialpha
2000,81,lambdachialpha
2000,82,sigmaphiepsilon
2000,83,phideltatheta
2000,84,regioncrew
2000,85,acacia
2000,86,pikappaphi
2000,87,sigmanu
2000,88,doddshouse
2000,89,ashton
2000,90,pikappaphi
2000,91,fratello
2000,92,lambdachialpha
2000,93,fratello
2000,94,doddshouse
2000,95,kappasigma
2000,96,deltaupsilon
2000,97,alta
2000,98,deltataudelta
2000,99,ashton
2000,100,deltataudelta
2000,101,sigmachi
2000,102,pikappaphi
2000,103,ashton
2000,104,cinzano
2000,105,teter
2000,106,teter
2000,107,alphaepsilonpi
2000,108,cinzano
2000,109,deltaupsilon
2000,110,zetabetatau
2000,111,deltachi
2000,112,phikappapsi
2000,113,sigmachi
2000,114,teter
2000,115,ashton
2000,116,phideltatheta
2000,117,alphaepsilonpi
2000,118,evansscholars
2000,119,alphaepsilonpi
2000,120,deltaupsilon
2000,121,alta
2000,122,evansscholars
2000,123,alta
2000,124,pikappaphi
2000,125,phikappapsi
2000,126,sigmaalphamu
2000,127,evansscholars
2000,128,deltaupsilon
2000,129,alphaepsilonpi
2000,130,zetabetatau
2000,131,phikappapsi
2000,132,deltasigmapi
2000,133,zetabetatau
2000,134,sigmaalphamu
1998,1,acacia
1998,2,doddshouse
1998,3,sigmaalphaepsilon
1998,4,sigmaalphaepsilon
1998,5,phideltatheta
1998,6,sigmaalphaepsilon
1997,1,sigmachi
1997,2,sigmachi
1997,3,sigmaalphaepsilon
1997,4,deltachi
1997,5,dodds
1997,6,sigmaalphaepsilon
1997,7,sigmaalphaepsilon
1997,8,deltachi
1997,9,sigmanu
1997,10,sigmanu
1997,11,wright
1997,12,phikappapsi
1997,13,dodds
1997,14,acacia
1997,15,cinzano
1997,16,wright
1997,17,deltaupsilon
1997,18,phideltatheta
1997,19,sigmaalphaepsilon
1997,20,phigammadelta
1997,21,sigmaalphaepsilon
1997,22,lambdachialpha
1997,23,phikappapsi
1997,24,sigmaphiepsilon
1997,25,lambdachialpha
1997,26,phigammadelta
1997,27,deltaupsilon
1997,28,sigmaphiepsilon
1997,29,deltaupsilon
1997,30,dodds
1997,31,tfat
1997,32,phideltatheta
1997,33,pikappaphi
1997,34,dodds
1997,35,sigmanu
1997,36,pikappaalpha
1997,37,collinsbuccaneers
1997,38,sigmachi
1997,39,pneuma
1997,40,sigmaphiepsilon
1997,41,wright
1997,42,pikappaalpha
1997,43,acacia
1997,44,acacia
1997,45,acacia
1997,46,lambdachialpha
1997,47,phigammadelta
1997,48,sigmaalphaepsilon
1997,49,phigammadelta
1997,50,cinzano
1997,51,betathetapi
1997,52,phideltatheta
1997,53,thetachi
1997,54,cinzano
1997,55,thetachi
1997,56,chiphi
1997,57,deltachi
1997,58,phigammadelta
1997,59,betathetapi
1997,60,mezcla
1997,61,sigmanu
1997,62,sigmachi
1997,63,sigmapi
1997,64,mcnuttcychos
1997,65,deltachi
1997,66,sigmaphiepsilon
1997,67,armyrotc
1997,68,pikappaphi
1997,69,sigmachi
1997,70,sigmachi
1997,71,teamread
1997,72,kappasigma
1997,73,thetachi
1997,74,phikappapsi
1997,75,southcottagegrove
1997,76,phiepsilon
1997,77,betathetapi
1997,78,sigmapi
1997,79,armyrotc
1997,80,collinsbuccaneers
1997,81,chiphi
1997,82,pikappaphi
1997,83,pikappaalpha
1997,84,lambdachialpha
1997,85,phigammadelta
1997,86,cinzano
1997,87,kappasigma
1997,88,thetapi
1997,89,betathetapi
1997,90,phideltatheta
1997,91,alphatauomega
1997,92,mezcla
1997,93,pikappaalpha
1997,94,southcottagegrove
1997,95,alphatauomega
1997,96,armyrotc
1997,97,southcottagegrove
1997,98,thetachi
1997,99,collinsbuccaneers
1997,100,phikappapsi
1997,101,lambdachialpha
1997,102,phigammadelta
1997,103,mcnuttcychos
1997,104,pneuma
1997,105,kappasigma
1997,106,wright
1997,107,pikappaalpha
1997,108,alphasigmaphi
1997,109,southcottagegrove
1997,110,phideltatheta
1997,111,sigmapi
1997,112,armyrotc
1997,113,chiphi
1997,114,pikappaphi
1997,115,alphatauomega
1997,116,acacia
1997,117,evansscholars
1997,118,alphatauomega
1997,119,evansscholars
1997,120,sigmapi
1997,121,alphasigmaphi
1997,122,kappasigma
1997,123,evansscholars
1997,124,teamread
1997,125,chiphi
1997,126,evansscholars
1997,127,alphasigmaphi
1997,128,mezcla
1997,129,acacia*
1997,130,phideltatheta**
1996,1,phideltatheta
1996,2,phigammadelta
1996,3,phideltatheta
1996,4,sigmanu
1996,5,sigmaalphaepsilon
1996,6,sigmaalphaepsilon
1996,7,pneuma
1996,8,cinzano
1996,9,pikappaalpha
1996,10,sigmanu
1996,11,cinzano
1996,12,acacia
1996,13,sigmaphiepsilon
1996,14,betathetapi
1996,15,dodds
1996,16,pneuma
1996,17,sigmaphiepsilon
1996,18,pikappaalpha
1996,19,sigmanu
1996,20,acacia
1996,21,acacia
1996,22,pikaeeaphi
1996,23,mcnutt
1996,24,wright
1996,25,acacia
1996,26,sigmaalphaepsilon
1996,27,sigmaphiepsilon
1996,28,wright
1996,29,pneuma
1996,30,phigammadelta
1996,31,mezcla
1996,32,dodds
1996,33,thetachi
1996,34,pikappaalpha
1996,35,betathetapi
1996,36,phideltatheta
1996,37,cinzano
1996,38,mcnutt
1996,39,sigmaalphaepsilon
1996,40,pikappapsi
1996,41,lambdachialpha
1996,42,betathetapi
1996,43,deltataudelta
1996,44,pikappaphi
1996,45,phigammadelta
1996,46,thetachi
1996,47,mcnutt
1996,48,pikappaphi
1996,49,betathetapi
1996,50,collinsbuccaneers
1996,51,betathetapi
1996,52,sigmaphiepsilon
1996,53,lambdachialpha
1996,54,collins
1996,55,dodds
1996,56,lambdachialpha
1996,57,sigmaphiepsilon
1996,58,phikappapsi
1996,59,sigmapi
1996,60,evansscholars
1996,61,evansscholars
1996,62,alphaepsilonpi
1996,63,sigmapi
1996,64,pikappaphi
1996,65,dodds
1996,66,cinzano
1996,67,wright
1996,68,tfat
1996,69,pneuma
1996,70,lambdachialpha
1996,71,mezcla
1996,72,tfat
1996,73,pikappaalpha
1996,74,sigmanu
1996,75,lambdachialpha
1996,76,sigmapi
1996,77,dodds
1996,78,alphaepsilonpi
1996,79,collins
1996,80,wright
1996,81,evansscholars
1996,82,pikappaalpha
1996,83,mexcla
1996,84,sigmapi
1996,85,chiphi
1996,86,deltataudelta
1996,87,tfat
1996,88,pikappaphi
1996,89,mezcla
1994,1,sigmaalphaepsilon
1994,2,sigmachi
1994,3,deltachi
1994,4,pikappaalpha
1994,5,deltachi
1994,6,deltaupsilon
1994,7,sigmaalphaepsilon
1994,8,phikappapsi
1994,9,phikappapsi
1994,10,pikappaalpha
1994,11,pikappaalpha
1994,12,deltachi
1994,12,phigammadelta
1994,13,pikappaphi
1994,14,teamcollegelife
1994,15,deltaupsilon
1994,16,acacia
1994,17,lambdachialpha
1994,18,pikappaphi
1994,19,sigmaalphaepsilon
1994,20,deltaupsilon
1994,21,sigmachi
1994,22,phikappapsi
1994,23,phideltatheta
1994,24,phigammadelta
1994,25,wrightdoods
1994,26,sigmachi
1994,27,pikappaphi
1994,28,wright
1994,29,sigmaphiepsilon
1994,30,deltaupsilon
1994,31,deltachi
1994,32,lambdachialpha
1994,33,phikappapsi
1994,34,acacia
1994,35,dodds
1994,36,mcnutt
1994,37,deltaupsilon
1994,38,betathetapi
1994,39,lambdachialpha
1994,40,teamlastchance
1994,41,kappasigma
1994,42,deltaupsilon
1994,43,pikappaalpha
1994,44,lambdachialpha
1994,45,alphasigmaphi
1994,46,betathetapi
1994,47,pikappaphi
1994,48,phideltatheta
1994,49,phideltatheta
1994,50,betathetapi
1994,51,wright
1994,52,alphasigmaphi
1994,53,readzoogods
1994,54,sigmaalphaepsilon
1994,55,sammy&co.
1994,56,phikappapsi
1994,57,readzoogods
1994,58,betathetapi
1994,59,sigmaphiepsilon
1994,60,kappasigma
1994,61,phideltatheta
1994,62,wright
1994,63,teamcollegelife
1994,64,mcnutt
1994,65,zetabetatau
1994,66,sammy&co.
1994,67,wright
1994,68,sammy&co.
1994,69,zetabetatau
1994,70,alphasigmaphi
1994,71,sigmaphiepsilon
1994,72,sammy&co.
1994,73,kappasigma
1994,74,kappasigma
1994,75,wrightdodds
1994,76,zetabetatau
1994,77,readzoogods
1994,78,readzoogods
1994,79,mcnutt
