2023,1,cutters
2023,2,deltataudelta
2023,3,sigmaphiepsilon
2023,4,chialpha
2023,5,phikappapsi
2023,6,sigmaalphaepsilon
2023,7,betasigmapsi
2023,8,phideltatheta
2023,9,phigammadelta
2023,10,iudm
2023,11,ghost
2023,12,3ph
2023,13,graygoat
2023,14,alphasigmaphi
2023,15,forest
2023,16,bears
2023,17,alphakappapsi
2023,18,sigmanu
2023,19,cinzano
2023,20,novus
2023,21,evansscholars
2023,22,csf
2023,23,lambdachialpha
2023,24,deltasigmapi
2023,25,pikappaalpha
2023,26,humanwheels
2023,27,betathetapi
2023,28,tauepsilonphi
2023,29,alphakappalambda
2023,30,wildaces
2023,31,phisigmakappa
2023,32,chiphi
2023,33,army
2022,1,phideltatheta
2022,2,sigmaphiepsilon
2022,3,jetblach
2022,4,cutters
2022,5,graygoat
2022,6,phikappapsi
2022,7,chialpha
2022,8,betasigmapsi
2022,9,blackkeybulls
2022,10,phigammadelta
2022,11,alphasigmaphi
2022,12,bears
2022,13,forest
2022,14,3ph
2022,15,csf
2022,16,deltasigmapi
2022,17,ghost
2022,18,iudm
2022,19,novus
2022,20,sigmaalphaepsilon
2022,21,betathetapi
2022,22,wildaces
2022,23,sigmachi
2022,24,sigmanu
2022,25,alphakappapsi
2022,26,team25
2022,27,deltaupsilon
2022,28,lambdachialpha
2022,29,army
2022,30,phisigmakappa
2022,31,phigammanu
2022,32,evansscholars
2022,33,mcnutt
2021,1,jetblach
2021,2,cutters
2021,3,sigmaphiepsilon
2021,4,chialpha
2021,5,phikappapsi
2021,6,blackkeybulls
2021,7,graygoat
2021,8,betasigmapsi
2021,9,phideltatheta
2021,10,phigammadelta
2021,11,3ph
2021,12,bears
2021,13,csf
2021,14,acacia
2021,15,pilambdaphi
2021,16,deltasigmapi
2021,17,army
2021,18,phikappasigma
2021,19,betathetapi
2021,20,deltaupsilon
2021,21,forest
2021,22,novus
2021,23,thetachi
2019,1,cutters
2019,2,bears
2019,3,blackkeybulls
2019,4,graygoat
2019,5,3ph
2019,6,jetblach
2019,7,sigmaphiepsilon
2019,8,phikappapsi
2019,9,sigmaalphaepsilon
2019,10,neh
2019,11,gafombi
2019,12,phideltatheta
2019,13,forest
2019,14,sigmachi
2019,15,phigammadelta
2019,16,betasigmapsi
2019,17,pilambdaphi
2019,18,deltaupsilon
2019,19,pikappaalpha
2019,20,csf
2019,21,deltasigmapi
2019,22,acacia
2019,23,deltachi
2019,24,phigammanu
2019,25,blackice
2019,26,chialpha
2019,27,alphakappalambda
2019,28,godspeed
2019,29,thetachi
2019,30,alphasigmaphi
2019,31,phikappatau
2019,32,evansscholars
2019,33,phikappasigma
2018,1,cutters
2018,2,graygoat
2018,3,blackkeybulls
2018,4,sigmaphiepsilon
2018,5,jetblach
2018,6,sigmaalphaepsilon
2018,7,bears
2018,8,betathetapi
2018,9,phikappapsi
2018,10,3ph
2018,11,deltachi
2018,12,csf
2018,13,kappasigma
2018,14,sigmachi
2018,15,forest
2018,16,phideltatheta
2018,17,phigammadelta
2018,18,deltaupsilon
2018,19,pilambdaphi
2018,20,acacia
2018,21,chialpha
2018,22,blackice
2018,23,pikappaalpha
2018,24,phisigmakappa
2018,25,alphaepsilonpi
2018,26,deltasigmaphi
2018,27,betasigmapsi
2018,28,alphakappalambda
2018,29,alphasigmaphi
2018,30,evansscholars
2018,31,lambdachialpha
2018,32,youngpioneers
2018,33,thetachi
2017,1,blackkeybulls
2017,2,graygoat
2017,3,cutters
2017,4,betathetapi
2017,5,sigmaalphaepsilon
2017,6,bears
2017,7,sigmachi
2017,8,sigmaphiepsilon
2017,9,phigammadelta
2017,10,3ph
2017,11,forest
2017,12,deltachi
2017,13,lambdachialpha
2017,14,csf
2017,15,pikappaalpha
2017,16,kappasigma
2017,17,jetblach
2017,18,acacia
2017,19,pilambdaphi
2017,20,phisigmakappa
2017,21,deltasigmapi
2017,22,phideltatheta
2017,23,alphasigmaphi
2017,24,sigmanu
2017,25,alphaepsilonpi
2017,26,thetachi
2017,27,blackice
2017,28,betasigmapsi
2017,29,taukappaepsilon
2017,30,evansscholars
2017,31,younglife
2017,32,sigmapi
2017,33,sigmaalphamu
2016,1,deltataudelta
2016,2,sigmaalphaepsilon
2016,3,blackkeybulls
2016,4,cutters
2016,5,3ph
2016,6,graygoat
2016,7,betathetapi
2016,8,phideltatheta
2016,9,sigmanu
2016,10,forest
2016,11,phigammadelta
2016,12,sigmachi
2016,13,sigmaphiepsilon
2016,14,wright
2016,15,deltachi
2016,16,pikappaalpha
2016,17,thetachi
2016,18,lambdachialpha
2016,19,csf
2016,20,acacia
2016,21,alphasigmaphi
2016,22,phikappasigma
2016,23,pilambdaphi
2016,24,pikappaphi
2016,25,alphaepsilonpi
2016,26,sigmaalphamu
2016,27,phisigmakappa
2016,28,betasigmapsi
2016,29,youngpioneer
2016,30,younglife
2016,31,deltasigmapi
2016,32,taukappaepsilon
2016,33,zetabetatau
2015,1,sigmaphiepsilon
2015,2,blackkeybulls
2015,3,betathetapi
2015,4,sigmaalphaepsilon
2015,5,forest
2015,6,deltataudelta
2015,7,cutters
2015,8,3ph
2015,9,phikappasigma
2015,10,phideltatheta
2015,11,phigammadelta
2015,12,graygoat
2015,13,deltachi
2015,14,wright
2015,15,sigmanu
2015,16,northernindiana
2015,17,pikappaphi
2015,18,evansscholars
2015,19,lamdachialpha
2015,20,csf
2015,21,thetachi
2015,22,pikappaalpha
2015,23,sigmaalphamu
2015,24,deltasigmapi
2015,25,alphaepsilonpi
2015,26,kappasigma
2015,27,younglife
2015,28,phisigmakappa
2015,29,deltaupsilon
2015,30,sigmapi
2015,31,collinsbucaneers
2015,32,alphatauomega
2015,33,betasigmapsi
2014,1,blackkeybulls
2014,2,phideltatheta
2014,3,deltataudelta
2014,4,sigmaphiepsilon
2014,5,phigammadelta
2014,6,sigmachi
2014,7,betathetapi
2014,8,sigmaalphaepsilon
2014,9,cutters
2014,10,wright
2014,11,phikappasigma
2014,12,deltasigmapi
2014,13,forest
2014,14,graygoat
2014,15,csf
2014,16,deltachi
2014,17,lambdachialpha
2014,18,pikappaphi
2014,19,alphaepsilonpi
2014,20,phikappapsi
2014,21,sigmanu
2014,22,doddshouse
2014,23,collinsbuccaneers
2014,24,evansscholars
2014,25,deltaupsilon
2014,26,sigmaalphamu
2014,27,northernindiana
2014,28,kappadeltarho
2014,29,pikappaalpha
2014,30,sigmapi
2014,31,phisigmakappa
2014,32,phikappatau
2014,33,alphatauomega
2013,1,betathetapi
2013,2,deltataudelta
2013,3,phideltatheta
2013,4,cutters
2013,5,blackkeybulls
2013,6,sigmaphiepsilon
2013,7,sigmanu
2013,8,phigammadelta
2013,9,thetachi
2013,10,kappasigma
2013,11,wright
2013,12,graygoat
2013,13,lambdachialpha
2013,14,sigmachi
2013,15,deltaupsilon
2013,16,forest
2013,17,phikappapsi
2013,18,sigmaalphaepsilon
2013,19,hillel
2013,20,airforce
2013,21,phikappasigma
2013,22,pikappaphi
2013,23,csf
2013,24,cru
2013,25,alphaepsilonpi
2013,26,deltachi
2013,27,deltasigmapi
2013,28,alphatauomega
2013,29,collins
2013,30,evansscholars
2013,31,kappadeltarho
2013,32,sigmaalphamu
2013,33,pikappaalpha
2012,1,deltataudelta
2012,2,phideltatheta
2012,3,sigmachi
2012,4,cutters
2012,5,thetachi
2012,6,blackkeybulls
2012,7,betathetapi
2012,8,graygoat
2012,9,acacia
2012,10,wright
2012,11,cru
2012,12,sigmaphiepsilon
2012,13,sigmanu
2012,14,phigammadelta
2012,15,deltasigmapi
2012,16,forest
2012,17,alphaepsilonpi
2012,18,phikappasigma
2012,19,phikappapsi
2012,20,airforce
2012,21,deltachi
2012,22,kappasigma
2012,23,deltaupsilon
2012,24,doddshouse
2012,25,lambdachialpha
2012,26,amalgam
2012,27,csf
2012,28,phikappatau
2012,29,sigmaalphaepsilon
2012,30,alphatauomega
2012,31,pikappaphi
2012,32,evansscholars
2012,33,zetabetatau
2011,1,cutters
2011,2,phideltatheta
2011,3,sigmachi
2011,4,deltataudelta
2011,5,acacia
2011,6,blackkeybulls
2011,7,hoosierclimber?
2011,8,deltachi
2011,9,sigmanufraternity
2011,10,phikappapsi
2011,11,kappasigma
2011,12,thetachi
2011,13,graygoat
2011,14,sigmaphiepsilon
2011,15,phigammadelta
2011,16,cru
2011,17,betathetapi
2011,18,airforce
2011,19,emanon
2011,20,doddshouse
2011,21,wright
2011,22,lamp
2011,23,csf
2011,24,#jungleexpress
2011,25,sigmapi
2011,26,deltasigmapi
2011,27,sigmaalphaepsilon
2011,28,sigmaalphamu
2011,29,deltaupsilon
2011,30,pikappaalpha
2011,31,achtung
2011,32,evansscholars
2011,33,phikappasigma
2010,1,cutters
2010,2,phideltatheta
2010,3,phigammadelta
2010,4,deltataudelta
2010,5,betathetapi
2010,6,graygoat
2010,7,sigmachi
2010,8,sigmanu
2010,9,phikappapsi
2010,10,blackkeybulls
2010,11,hoosierclimber?
2010,12,wright
2010,13,deltachi
2010,14,cru
2010,15,sigmaphiepsilon
2010,16,deltaupsilon
2010,17,pikappaphi
2010,18,kappasigma
2010,19,acacia
2010,20,thetachi
2010,21,doddshouse
2010,22,deltasigmapi
2010,23,evansscholars
2010,24,airforce
2010,25,zetabetatau
2010,26,achtung!
2010,27,collinsbunnygamma
2010,28,emanon
2010,29,phisigmakappa
2010,30,sigmaalphamu
2010,31,forfreedom
2010,32,lambdachialpha
2010,33,phikappasigma
2009,1,cutters
2009,2,deltataudelta
2009,3,phigammadelta
2009,4,teammajortaylor
2009,5,blackkeybulls
2009,6,phikappapsi
2009,7,deltaupsilon
2009,8,alphatauomega
2009,9,graygoat
2009,10,sigmachi
2009,11,sigmapi
2009,12,collinsbunny
2009,13,deltasigmapi
2009,14,acacia
2009,15,phideltatheta
2009,16,sigmanu
2009,17,sigmaphiepsilon
2009,18,deltachi
2009,19,achtung
2009,20,sigmaalphamu
2009,21,twistedsteel
2009,22,evansscholars
2009,23,thetachi
2009,24,doddshouse
2009,25,wright
2009,26,vicious&delicious
2009,27,pikappaphi
2009,28,kappasigma
2009,29,betathetapi
2009,30,cru
2009,31,phisigmakappa
2009,32,phikappasigma
2009,33,pikappaalpha
2008,1,cutters
2008,2,teammajortaylor
2008,3,alphatauomega
2008,4,doddshouse
2008,5,phikappapsi
2008,6,ridedmc
2008,7,wright
2008,8,blackkeybulls
2008,9,deltaupsilon
2008,10,deltasigmapi
2008,11,phigammadelta
2008,12,graygoat
2008,13,deltataudelta
2008,14,sigmaalphamu
2008,15,phideltatheta
2008,16,acacia
2008,17,achtung
2008,18,sigmanu
2008,19,evansscholars
2008,20,sigmapi
2008,21,collins
2008,22,phikappatau
2008,23,betathetapi
2008,24,sigmachi
2008,25,cru
2008,26,pikappaalpha
2008,27,teamsofa
2008,28,phisigmakappa
2008,29,thetachi
2008,30,sigmaphiepsilon
2008,31,pikappaphi
2008,32,phikappasigma
2008,33,chiphi
2007,1,cutters
2007,2,phikappapsi
2007,3,blackkeybulls
2007,4,doddshouse
2007,5,teammajortaylor
2007,6,deltaupsilon
2007,7,phigammadelta
2007,8,deltasigmapi
2007,9,achtung
2007,10,betathetapi
2007,11,sigmaalphamu
2007,12,deltataudelta
2007,13,cinzano
2007,14,phideltatheta
2007,15,sigmanu
2007,16,phisigmakappa
2007,17,pikappaphi
2007,18,wright
2007,19,acacia
2007,20,pikappaalpha
2007,21,iumen'srugby
2007,22,alphaepsilonpi
2007,23,evansscholars
2007,24,thetachi
2007,25,phikappasigma
2007,26,teamsofa
2007,27,kappasigma
2007,28,sigmaphiepsilon
2007,29,chiphi
2007,30,sigmachi
2007,31,sigmapi
2007,32,lambdachialpha
2007,33,acc
2006,1,alphatauomega
2006,2,doddshouse
2006,3,acacia
2006,4,phigammadelta
2006,5,cutters
2006,6,deltaupsilon
2006,7,blackkeybulls
2006,8,forest
2006,9,betathetapi
2006,10,phikappasigma
2006,11,sigmapi
2006,12,cinzano
2006,13,phikappapsi
2006,14,briscoe
2006,15,alphaepsilonpi
2006,16,lisihi
2006,17,pikappaphi
2006,18,collins
2006,19,evansscholars
2006,20,majortaylorunited
2006,21,chiphi
2006,22,achtung
2006,23,wright
2006,24,parrothead
2006,25,sigmaalphamu
2006,26,lambdachialpha
2006,27,rainbow
2006,28,deltasigmapi
2006,29,sigmachi
2006,30,pikappaalpha
2006,31,deltataudelta
2006,32,thetachi
2006,33,ashton
2005,1,doddshouse
2005,2,phigammadelta
2005,3,deltaupsilon
2005,4,briscoe
2005,5,alphatauomega
2005,6,phikappapsi
2005,7,cutters
2005,8,lisihi
2005,9,acacia
2005,10,phikappasigma
2005,11,chiphi
2005,12,phisigmakappa
2005,13,sigmapi
2005,14,forest
2005,15,cinzano
2005,16,teammajortaylor
2005,17,alphaepsilonpi
2005,18,betathetapi
2005,19,collins
2005,20,parrothead
2005,21,deltasigmapi
2005,22,wright
2005,23,achtung
2005,24,sigmanu
2005,25,pikappaalpha
2005,26,pikappaphi
2005,27,sigmachi
2005,28,sigmaalphamu
2005,29,deltataudelta
2005,30,lambdachialpha
2005,31,zetabetatau
2005,32,deltakappaepsilon
2005,33,evansscholars
2004,1,cutters
2004,2,alphatauomega
2004,3,phigammadelta
2004,4,teammajortaylor
2004,5,briscoe
2004,6,acacia
2004,7,acr
2004,8,sigmachi
2004,9,chiphi
2004,10,doddshouse
2004,11,sigmanu
2004,12,deltaupsilon
2004,13,deltataudelta
2004,14,sincere
2004,15,phideltatheta
2004,16,phikappapsi
2004,17,army
2004,18,forest
2004,19,deltasigmapi
2004,20,achtung
2004,21,sigmapi
2004,22,teter
2004,23,kimball
2004,24,collins
2004,25,wilkie
2004,26,evansscholars
2004,27,wright
2004,28,phikappasigma
2004,29,iusoccer
2004,30,fosterinternational
2004,31,zetabetatau
2004,32,lambdachialpha
2004,33,sigmaalphamu
2003,1,gafombi
2003,2,teammajortaylor
2003,3,acacia
2003,4,corleones
2003,5,doddshouse
2003,6,acr
2003,7,cinzano
2003,8,alphatauomega
2003,9,phigammadelta
2003,10,sigmachi
2003,11,pikappaphi
2003,12,cutters
2003,13,phideltatheta
2003,14,kimball
2003,15,sigmapi
2003,16,briscoe
2003,17,chiphi
2003,18,kappasigma
2003,19,deltaupsilon
2003,20,forest
2003,21,collins
2003,22,teter
2003,23,sigmanu
2003,24,willkie
2003,25,fratello
2003,26,alphaepsilonpi
2003,27,achtung
2003,28,lambdachialpha
2003,29,alphasigmaphi
2003,30,army
2003,31,phikappapsi
2003,32,altaashton
2003,33,deltasigmapi
2002,1,thecorleones
2002,2,gafombi
2002,3,thedoddshouse
2002,4,sigmaphiepsilon
2002,5,pikappaphi
2002,6,phigammadelta
2002,7,thecutters
2002,8,acacia
2002,9,teammajortaylor
2002,10,sigmapi
2002,11,phideltatheta
2002,12,deltachi
2002,13,alphatauomega
2002,14,chiphi
2002,15,achtung
2002,16,teter
2002,17,kappasigma
2002,18,briscoe
2002,19,cinzano
2002,20,fratello
2002,21,deltaupsilon
2002,22,deltasigmapi
2002,23,sigmanu
2002,24,willkie
2002,25,phikappapsi
2002,26,sisenor
2002,27,forest
2002,28,altashton
2002,29,godspeed
2002,30,lambdachialpha
2002,31,army
2002,32,alphaphiomega
2002,33,phisigmakappa
2001,1,phideltatheta
2001,2,teter
2001,3,sigmaphiepsilon
2001,4,betathetapi
2001,5,deltachi
2001,6,chiphi
2001,7,cutters
2001,8,acacia
2001,9,cinzano
2001,10,pikappaphi
2001,11,thedoddshouse
2001,12,galveston
2001,13,phigammadelta
2001,14,pikappaalpha
2001,15,kappasigma
2001,16,briscoeblur
2001,17,achtung
2001,18,deltataudelta
2001,19,sigmapi
2001,20,sigmaalphaepsilon
2001,21,lambdachialpha
2001,22,alphatauomega
2001,23,foster
2001,24,deltaupsilon
2001,25,sigmachi
2001,26,mezcla
2001,27,phikappapsi
2001,28,deltasigmapi
2001,29,sigmanu
2001,30,forest
2001,31,alphasigmaphi
2001,32,evansscholars
2001,33,alphaepsilonpi
2000,1,cutters
2000,2,phigammadelta
2000,3,sigmaalphaepsilon
2000,4,deltachi
2000,5,phideltatheta
2000,6,deltataudelta
2000,7,thetachi
2000,8,sigmaphiepsilon
2000,9,sigmachi
2000,10,thedoddshouse
2000,11,acacia
2000,12,cinzano
2000,13,pikappaphi
2000,14,alphatauomega
2000,15,fratello
2000,16,phikappapsi
2000,17,betathetapi
2000,18,teter
2000,19,lambdachialpha
2000,20,kappasigma
2000,21,regioncrew
2000,22,ashton
2000,23,sigmanu
2000,24,alta
2000,25,deltaupsilon
2000,26,evansscholars
2000,27,alphaepsilonpi
2000,28,deltasigmapi
2000,29,zeigler
2000,30,zetabetatau
2000,31,sigmapi
2000,32,sigmaalphamu
2000,33,chiphi
1999,1,sigmaphiepsilon
1999,2,phigammadelta
1999,3,chiphi
1999,4,acacia
1999,5,doddshouse
1999,6,thetachi
1999,7,phideltatheta
1999,8,cutters
1999,9,sigmachi
1999,10,deltachi
1999,11,sigmaalphaepsilon
1999,12,deltataudelta
1999,13,teamdotson
1999,14,betathetapi
1999,15,phikappapsi
1999,16,collins
1999,17,alphachisigma
1999,18,lambdachialpha
1999,19,sigmanu
1999,20,pikappaphi
1999,21,alphatauomega
1999,22,deltaupsilon
1999,23,fratello
1999,24,teter
1999,25,alta
1999,26,cinzano
1999,27,wright
1999,28,hickory
1999,29,evansscholars
1999,30,kappasigma
1999,31,deltasigmapi
1999,32,alphasigmaphi
1999,33,alphaphiomega
1998,1,doddshouse
1998,2,cutters
1998,3,sigmaalphaepsilon
1998,4,betathetapi
1998,5,phigammadelta
1998,6,acacia
1998,7,sigmaphiepsilon
1998,8,sigmanu
1998,9,lambdachialpha
1998,10,pikappaphi
1998,11,phikappapsi
1998,12,mezcla
1998,13,pikappaalpha
1998,14,chiphi
1998,15,deltataudelta
1998,16,alta
1998,17,alphasigmaphi
1998,18,deltachi
1998,19,collinsbuccaneers
1998,20,alphaepsilonpi
1998,21,cinzano
1998,22,sigmachi
1998,23,wright
1998,24,sigmapi
1998,25,deltaupsilon
1998,26,regioncrew
1998,27,alphatauomega
1998,28,forest
1998,29,deltasigmapi
1998,30,teter
1998,31,phisigmakappa
1998,32,sigmaalphamu
1998,33,thetachi
1997,1,cutters
1997,2,phigammadelta
1997,3,deltachi
1997,4,dodds
1997,5,sigmachi
1997,6,sigmanu
1997,7,acacia
1997,8,phideltatheta
1997,9,sigmaalphaepsilon
1997,10,betathetapi
1997,11,cinzano
1997,12,pikappaphi
1997,13,pikappaalpha
1997,14,sigmaphiepsilon
1997,15,thetachi
1997,16,wright
1997,17,deltaupsilon
1997,18,deltataudelta
1997,19,phikappapsi
1997,20,lambdachialpha
1997,21,chiphi
1997,22,pneuma
1997,23,mezcla
1997,24,alphatauomega
1997,25,collinsbuccaneers
1997,26,armyrotc
1997,27,kappasigma
1997,28,southcottagegrove
1997,29,sigmapi
1997,30,evansscholars
1997,31,zetabetatau
1997,32,mcnuttcychos
1997,33,alphasigmaphi
1996,1,phideltatheta
1996,2,sigmachi
1996,3,phigammadelta
1996,4,deltachi
1996,5,acacia
1996,6,sigmanu
1996,7,cutters
1996,8,doddshouse
1996,9,thetachi
1996,10,pneuma
1996,11,betathetapi
1996,12,cinzano
1996,13,mcnutt
1996,14,sigmaphiepsilon
1996,15,pikappaphi
1996,16,deltataudelta
1996,17,phikappapsi
1996,18,pikappaalpha
1996,19,lambdachialpha
1996,20,sigmaalphaepsilon
1996,21,wilkie
1996,22,sigmaalphamu
1996,23,alphaepsilonpi
1996,24,sigmapi
1996,25,collins
1996,26,teamcollegelife
1996,27,wright
1996,28,tfat
1996,29,alphasigmaphi
1996,30,chiphi
1996,31,mezcla
1996,32,briscoe
1996,33,alphatauomega
1995,1,phigammadelta
1995,2,acacia
1995,3,sigmaalphaepsilon
1995,4,doddshouse
1995,5,deltachi
1995,6,phideltatheta
1995,7,sigmanu
1995,8,betathetapi
1995,9,lambdachi
1995,10,sigmachi
1995,11,cutters
1995,12,t.f.a.t.
1995,13,sigmaphiepsilon
1995,14,phikappapsi
1995,15,pikappaphi
1995,16,deltaupsilon
1995,17,pikappaalpha
1995,18,t-c-a-t
1995,19,deltataudelta
1995,20,thetachi
1995,21,teamcollegelife
1995,22,sigmaalphamu
1995,23,wright
1995,24,alphaepsilonpi
1995,25,deltasigmapi
1995,26,kappasigma
1995,27,humanwheels
1995,28,alphatauomega
1995,29,zetabetatau
1995,30,alphaphiomega
1995,31,alphasigmaphi
1995,32,kappadeltarho
1995,33,phikappatheta
1994,1,sigmachi
1994,2,cutters
1994,3,deltachi
1994,4,cinzano
1994,5,phigammadelta
1994,6,pikappaalpha
1994,7,phikappapsi
1994,8,phideltatheta
1994,9,acacia
1994,10,doddshouse
1994,11,teamcollegelife
1994,12,pikappaphi
1994,13,deltaupsilon
1994,14,lambdachialpha
1994,15,sigmaalphaepsilon
1994,16,sigmanu
1994,17,sigmaphiepsilon
1994,18,collins-graitas
1994,19,cyclones
1994,20,alphaepsilonpi
1994,21,betathetapi
1994,22,deltataudelta
1994,23,humanwheels
1994,24,mcnuttracingteam
1994,25,wrightcucling
1994,26,teamlastchance
1994,27,thetachi
1994,28,readzoogods
1994,29,alphasigmaphi
1994,30,sammy&co.
1994,31,kappasigma
1994,32,sigmapi
1994,33,zetabetatau
1993,1,deltachi
1993,2,cinzano
1993,3,pikappaalpha
1993,4,sigmaalphaepsilon
1993,5,cutters
1993,6,sigmanu
1993,7,deltaupsilon
1993,8,deltataudelta
1993,9,pikappaphi
1993,10,acacia
1993,11,sigmachi
1993,12,thetachi
1993,13,phikappapsi
1993,14,teamcollegelife
1993,15,phigammadelta
1993,16,cyclones
1993,17,fosterrsv
1993,18,sigmaalphamu
1993,19,phideltatheta
1993,20,wright-dodds
1993,21,t.f.a.t.
1993,22,taukappaepsilon
1993,23,collins-graitas
1993,24,lambdachialpha
1993,25,alphaepsilonpi
1993,26,evansscholars
1993,27,chiphi
1993,28,zetabetatau
1993,29,mcnutt
1993,30,sigmapi
1993,31,sigmaphiepsilon
1993,32,kappadeltarho
1993,33,betathetapi
1992,1,cutters
1992,2,acacia
1992,3,cinzano
1992,4,deltachi
1992,5,deltaupsilon
1992,6,phigammadelta
1992,7,thetachi
1992,8,pikappaalpha
1992,9,sigmachi
1992,10,teamcollegelife
1992,11,alphaepsilonpi
1992,12,doddshouse
1992,13,phikappapsi
1992,14,pikappaphi
1992,15,phideltatheta
1992,16,sigmaalphaepsilon
1992,17,deltataudelta
1992,18,mcnutt
1992,19,lambdachialpha
1992,20,phikappatau
1992,21,kappasigma
1992,22,willkie-read
1992,23,alphasigmaphi
1992,24,evansscholars
1992,25,sigmapi
1992,26,chiphi
1992,27,ashtoncyclones
1992,28,taukappaepsilon
1992,29,sigmaphiepsilon
1992,30,zetabetatau
1992,31,fosterrsv
1992,32,sigmaalphamu
1992,33,imomajortaylor
1991,1,acacia
1991,2,cutters
1991,3,teamcollegelife
1991,4,phikappapsi
1991,5,sigmanu
1991,6,phideltatheta
1991,7,deltaupsilon
1991,8,phigammadelta
1991,9,sigmachi
1991,10,pikappaalpha
1991,11,alphaepsilonpi
1991,12,cinzano
1991,13,sigmaalphaepsilon
1991,14,fosterrsv
1991,15,thetachi
1991,16,phikappatau
1991,17,alphatauomega
1991,18,evansscholars
1991,19,betathetapi
1991,20,deltachi
1991,21,willkiesystemw
1991,22,sigmapi
1991,23,teamfunk
1991,24,lambdachialpha
1991,25,doddshouse
1991,26,deltataudelta
1991,27,chiphi
1991,28,pikappaphi
1991,29,tmc-mcnutt
1991,30,kappasigma
1991,31,sigmaalphamu
1991,32,sigmaphiepsilon
1991,33,teamindependence
1990,1,sigmanu
1990,2,acacia
1990,3,cutters
1990,4,sigmachi
1990,5,phigammadelta
1990,6,teter
1990,7,phideltatheta
1990,8,alphasigmaphi
1990,9,foster
1990,10,pikappaphi
1990,11,sigmaalphamu
1990,12,sigmapi
1990,13,betathetapi
1990,14,lambdachialpha
1990,15,deltaupsilon
1990,16,sigmaalphaepsilon
1990,17,pikappaalpha
1990,18,evansscholers
1990,19,phikappatau
1990,20,deltataudelta
1990,21,cinzano
1990,22,phikappapsi
1990,23,zetabetatau
1990,24,kappasigma
1990,25,thetachi
1990,26,americana
1990,27,ashton
1990,28,wilkie
1990,29,alphaepsilonpi
1990,30,collins
1990,31,doddshouse
1990,32,sigmaphiepsilon
1990,33,alphatauomega
1989,1,cinzano
1989,2,cutters
1989,3,acacia
1989,4,tetertotano
1989,5,sigmaalphamu
1989,6,phigammadelta
1989,7,phideltatheta
1989,8,americana
1989,9,phikappapsi
1989,10,sigmanu
1989,11,pikappaalpha
1989,12,kappasigma
1989,13,deltataudelta
1989,14,doddshouse
1989,15,betathetapi
1989,16,fosterrsv
1989,17,sigmachi
1989,18,sigmaalphaepsilon
1989,19,alphaepsilonpi
1989,20,thetachi
1989,21,bigredwave
1989,22,pikappaphi
1989,23,deltachi
1989,24,evansscholars
1989,25,sigmaphiepsilon
1989,26,zetabetatau
1989,27,posers
1989,28,deltaupsilon
1989,29,sigmapi
1989,30,collinsgratias
1989,31,chiphi
1989,32,phikappatau
1988,1,cutters
1988,2,phigammadelta
1988,3,phideltatheta
1988,4,lambdachialpha
1988,5,alphaepsilonpi
1988,6,pikappaalpha
1988,7,collinsgraitas
1988,8,sigmaalphaepsilon
1988,9,americana
1988,10,cinzano
1988,11,sigmaalphamu
1988,12,deltataudelta
1988,13,sigmanu
1988,14,teter-totano
1988,15,beachriders
1988,16,betathetapi
1988,17,evansscholars
1988,18,alphatauomega
1988,19,acacia
1988,20,posers
1988,21,sigmachi
1988,22,fosterrsv
1988,23,sigmaphiepsilon
1988,24,kappasigma
1988,25,doddshouse
1988,26,thetachi
1988,27,chiphi
1988,28,phikappapsi
1988,29,alphassigmaphi
1988,30,deltaupsilon
1988,31,deltachi
1988,32,sigmapi
1988,33,phikappatau
1987,1,phigammadelta
1987,2,acacia
1987,3,sigmaphiepsilon
1987,4,cutters
1987,5,cinzano
1987,6,chiphi
1987,7,phideltatheta
1987,8,posers
1987,9,sigmaalphamu
1987,10,sigmaalphaepsilon
1987,11,deltachi
1987,12,thetachi
1987,13,americana
1987,14,alphatauomega
1987,15,deltataudelta
1987,16,sigmanu
1987,17,phikappapsi
1987,18,collins
1987,19,pikappaalpha
1987,20,jointventure
1987,21,sigmapi
1987,22,parkshouse
1987,23,readcurryv
1987,24,totano
1987,25,evansscholars
1987,26,zetabetatau
1987,27,kappasigma
1987,28,doddshouse
1987,29,wright
1987,30,beachriders
1987,31,visitors
1987,32,kappadeltarho
1987,33,flyinghigh
1986,1,cutters
1986,2,alphaepsilonpi
1986,3,phikappapsi
1986,4,phideltatheta
1986,5,chiphi
1986,6,lambdachialpha
1986,7,acacia
1986,8,evansscholars
1986,9,collins
1986,10,deltataudelta
1986,11,phigammadelta
1986,12,cinzano
1986,13,pikappaalpha
1986,14,alphatauomega
1986,15,kappasigma
1986,16,sigmanu
1986,17,sigmachi
1986,18,sigmaphiepsilon
1986,19,thetachi
1986,20,sigmaalphaepsilon
1986,21,deltaupsilon
1986,22,americana
1986,23,trophydash
1986,24,chaingang
1986,25,sigmaalphamu
1986,26,sigmapi
1986,27,kappadeltarho
1986,28,nicholscyclones
1986,29,readbeckii
1986,30,jointventure
1986,31,readcurry
1986,32,alphasigmaphi
1986,33,pikappaphi
1985,1,alphaepsilonpi
1985,2,acacia
1985,3,chiphi
1985,4,cutters
1985,5,rollins
1985,6,phikappaalpha
1985,7,phikappapsi
1985,8,phideltatheta
1985,9,alphatauomega
1985,10,sigmaalphaepsilon
1985,11,latecomers
1985,12,deltataudelta
1985,13,sigmaphiepsilon
1985,14,graitas
1985,15,cinzano
1985,16,kappasigma
1985,17,sigmanu
1985,18,nicholscyclones
1985,19,thetachi
1985,20,chaingang
1985,21,doddshouse
1985,22,lambdachialpha
1985,23,betathetapi
1985,24,sigmachi
1985,25,thompsonv
1985,26,deltaupsilon
1985,27,mcnutt
1985,28,phigammadelta
1985,29,evansscholars
1985,30,alphasigmaphi
1985,31,pikappaphi
1985,32,sigmaalphamu
1985,33,erbeckmemorialvisitors
1984,1,cutters
1984,2,alphaepsilonpi
1984,3,acacia
1984,4,chiphi
1984,5,betathetapi
1984,6,phigammadelta
1984,7,avere
1984,8,wrightjenkins
1984,9,alphatauomega
1984,10,lambdachialpha
1984,11,phikappapsi
1984,12,phideltatheta
1984,13,deltataudelta
1984,14,sigmanu
1984,15,wrightrollins
1984,16,deltaupsilon
1984,17,sigmapi
1984,18,kappasigma
1984,19,sigmachi
1984,20,readcurryiv
1984,21,sigmaphiepsilon
1984,22,teter
1984,23,wrightdodds
1984,24,sigmaalphaepsilon
1984,25,alphasigmaphi
1984,26,wrightnichols
1984,27,pikappaalpha
1984,28,readcurryii
1984,29,cosmicdebris
1984,30,evansscholars
1984,31,collins
1984,32,kappadeltarho
1984,33,spokesmen
1983,1,acacia
1983,2,phideltatheta
1983,3,phikappapsi
1983,4,alphaepsilonpi
1983,5,alphatauomega
1983,6,wheelmen
1983,7,sigmaphiepsilon
1983,8,chiphi
1983,9,sigmaalphaepsilon
1983,10,jenkinshouse
1983,11,kappasigma
1983,12,sigmapi
1983,13,phigammadelta
1983,14,rollinshouse
1983,15,sigmachi
1983,16,parkshouse
1983,17,deltataudelta
1983,18,doddshouse
1983,19,lambdachialpha
1983,20,deltaupsilon
1983,21,alphasigmaphi
1983,22,betathetapi
1983,23,taukappaepsilon
1983,24,hummerhouse
1983,25,sigmaalphamu
1983,26,sigmanu
1983,27,blitzkriegers
1983,28,fostermartiniii
1983,29,teamanything
1983,30,zetabetatau
1983,31,nicholshouse
1983,32,chaingang
1983,33,pikappaphi
1982,1,phideltatheta
1982,2,deltachi
1982,3,kappasigma
1982,4,betathetapi
1982,5,acacia
1982,6,phigammadelta
1982,7,alphatauomega
1982,8,sigmachi
1982,9,sigmaphiepsilon
1982,10,hummerhouse
1982,11,teamalbatross
1982,12,phikappapsi
1982,13,deltataudelta
1982,14,parkshouse
1982,15,sigmaalphaepsilon
1982,16,willkiewheelmen
1982,17,chiphi
1982,18,alphaepsilonpi
1982,19,rollinshouse
1982,20,doddshouse
1982,21,thetachi
1982,22,curryiizoo
1982,23,wissler3-2
1982,24,martinii
1982,25,jenkinshouse
1982,26,lambdachialpha
1982,27,boiseni
1982,28,pikappaphi
1982,29,taukappaepsilon
1982,30,sigmapi
1982,31,"willkie4""storm"""
1982,32,phikappaalpha
1982,33,nicholshouse
1981,1,deltachi
1981,2,chiphi
1981,3,alphatauomega
1981,4,willkiewheelmen
1981,5,phikappapsi
1981,6,alphaepsilonpi
1981,7,phigammadelta
1981,8,sigmaalphaepsilon
1981,9,blitzkriegers
1981,10,wisslerfive
1981,11,sigmaphiepsilon
1981,12,jenkinshouse
1981,13,doddshouse
1981,14,rollinshouse
1981,15,thetachi
1981,16,sigmachi
1981,17,sigmanu
1981,18,alphasigmaphi
1981,19,phideltatheta
1981,20,evansscholars
1981,21,wisslerthree
1981,22,kappasigma
1981,23,acacia
1981,24,deltataudelta
1981,25,parkshouse
1981,26,currytwo
1981,27,taukappaepsilon
1981,28,pikappaphi
1981,29,boiseni
1981,30,sigmapi
1981,31,nicholshouse
1981,32,pikappaalpha
1981,33,hummerhouse
1980,1,deltachi
1980,2,pikappaphi
1980,3,wissler5
1980,4,phigammadelta
1980,5,willkiesouthiii
1980,6,chiphi
1980,7,sigmaalphaepsilon
1980,8,doddshouse
1980,9,sigmanu
1980,10,alphatauomega
1980,11,acacia
1980,12,sigmachi
1980,13,pikappaalpha
1980,14,phideltatheta
1980,15,betathetapi
1980,16,jenkinshouse
1980,17,phikappapsi
1980,18,sigmaphiepsilon
1980,19,willkiesouth7
1980,20,shea3-foster
1980,21,alphaepsilonpi
1980,22,kappasigma
1980,23,willkiesouthx
1980,24,thetachi
1980,25,martiniii
1980,26,cravensa-mrc
1980,27,blitzkriegers
1980,28,cronebornlosers
1980,29,willkiesouth5
1980,30,nicholshouse
1980,31,deltaupsilon
1980,32,willkie4storm
1980,33,parkshouse
1979,1,deltachi
1979,2,kappasigma
1979,3,jenkinshouse
1979,4,sigmaphiepsilon
1979,5,sigmaalphaepsilon
1979,6,sigmachi
1979,7,alphaepsilonpi
1979,8,alphasigmaphi
1979,9,pikappaphi
1979,10,thetachi
1979,11,betathetapi
1979,12,willkiesouthsuite
1979,13,doddshouse
1979,14,wisslerv
1979,15,willkiesouthiii
1979,16,phikappapsi
1979,17,hummerhouse
1979,18,rollinshouse
1979,19,massriders
1979,20,deltlataudelta
1979,21,cravensb
1979,22,delgadoground
1979,23,pikappaalpha
1979,24,lambdachialpha
1979,25,deltaupsilon
1979,26,willkiesouthfive
1979,27,alphatauomega
1979,28,taukappaepsilon
1979,29,acacia
1979,30,willkiedeca10
1979,31,chiphi
1979,32,martiniii
1979,33,wissleriii
1978,1,phikappapsi
1978,2,sigmanu
1978,3,pikappaphi
1978,4,alphaepsilonpi
1978,5,sigmaphiepsilon
1978,6,doddshouse
1978,7,sigmachi
1978,8,kappasigma
1978,9,phigammadelta
1978,10,deltachi
1978,11,thetachi
1978,12,sigmapi
1978,13,lambdachialpha
1978,14,deltataudelta
1978,15,taukappaepsilon
1978,16,evansscholars
1978,17,alphasigmaphi
1978,18,hummerhouse
1978,19,acacia
1978,20,nicholshouse
1978,21,betathetapi
1978,22,willkiesouthsuite
1978,23,elkinii
1978,24,alphatauomega
1978,25,rollinshouse
1978,26,phideltatheta
1978,27,pikappaalpha
1978,28,willkiethree
1978,29,mageei
1978,30,martiniii
1978,31,wissler5
1978,32,willkiedeca
1978,33,kappadeltarho
1977,1,deltachi
1977,2,phikappapsi
1977,3,phigammadelta
1977,4,sigmaphiepsilon
1977,5,velo-men
1977,6,sigmaalphaepsi9lon
1977,7,alphaepsilonpi
1977,8,willkiesouthiii
1977,9,evansscholars
1977,10,phideltatheta
1977,11,sigmachi
1977,12,parkshouse
1977,13,martiniii
1977,14,kappasigma
1977,15,taukappaepsilon
1977,16,rollinshouse
1977,17,sigmapi
1977,18,nicholshouse
1977,19,thetaxi
1977,20,thetachi
1977,21,pikappaalpha
1977,22,deltataudelta
1977,23,betathetapi
1977,24,alphasigmaphi
1977,25,martinii
1977,26,acacia
1977,27,kappadeltarho
1977,28,mageei
1977,29,sheaiii
1977,30,jenkinshouse
1977,31,signaphinothing
1977,32,jenkinsonii
1977,33,chiphi
1976,1,deltachi
1976,2,phigammadelta
1976,3,deltataudelta
1976,4,sigmachi
1976,5,sigmanu
1976,6,phikappapsi
1976,7,sigmaphiepsilon
1976,8,acacia
1976,9,thetaxi
1976,10,sigmaalphaepsilon
1976,11,phideltatheta
1976,12,betathetapi
1976,13,alphaepsilonpi
1976,14,kappasigma
1976,15,dodddshouse-wrightquad
1976,16,thetachi
1976,17,rollinshouse-wrightquad
1976,18,foster-martinii
1976,19,pikappaphi
1976,20,foster-mageei
1976,21,lambdachialpha
1976,22,foster-martiniii
1976,23,wright-parks/foster/shea
1976,24,kappadeltarho
1976,25,deltaupsilon
1976,26,teter-wisslerv
1976,27,chiphi
1976,28,alphasigmaphi
1976,29,evansscholars
1976,30,teter-boiseniv
1976,31,mrc-cravens
1976,32,nicholshouse-wrightquad
1976,33,sigmapi
1975,1,phigammadelta
1975,2,deltachi
1975,3,doddshouse
1975,4,phikappapsi
1975,5,deltataudelta
1975,6,kappasigma
1975,7,wisslerv
1975,8,sigmanu
1975,9,thetachi
1975,10,deltaupsilon
1975,11,sigmaalphaepsilon
1975,12,sheaii
1975,13,betathetapi
1975,14,sigmapi
1975,15,phideltatheta
1975,16,acacia
1975,17,martiniii
1975,18,alphatauomega
1975,19,cravensb-mrc
1975,20,hummerco-op
1975,21,evansscholars
1975,22,readindependents
1975,23,delgadoground
1975,24,willkiesouth3
1975,25,thetaxi
1975,26,boisen4
1975,27,jenkinsonground
1975,28,chiphi
1975,29,mageei
1975,30,pikappaphi
1975,31,kappadeltarho
1975,32,willkiesouth10
1975,33,alphaepsilonpi
1974,1,deltachi
1974,2,kapasigma
1974,3,phikappapsi
1974,4,martinv
1974,5,alphatauomega
1974,6,doddshouse
1974,7,sigmaalphaepsilon
1974,8,sigmachi
1974,9,sigmanu
1974,10,sheaii
1974,11,cravensb
1974,12,acacia
1974,13,sigmaphiepsilon
1974,14,sigmapi
1974,15,thetachi
1974,16,pikappaphi
1974,17,lambdachialpha
1974,18,sheaiii
1974,19,thetaxi
1974,20,evansscholars
1974,21,wisslerv
1974,22,phideltatheta
1974,23,phigammadelta
1974,24,betathetapi
1974,25,deltataudelta
1974,26,deltaupsilon
1974,27,willkiesouthvi
1974,28,rollinshouse
1974,29,willkiesouthiii
1974,30,mageei
1974,31,willkiesouthx
1974,32,read
1974,33,crone
1973,1,deltachi
1973,2,kappasigma
1973,3,thetachi
1973,4,briscoe
1973,5,phigammadelta
1973,6,acacia
1973,7,doddshouse
1973,8,phikappapsi
1973,9,sigmaalphaepsilon
1973,10,sigmanu
1973,11,sigmachi
1973,12,pikappaphi
1973,13,thetaxi
1973,14,phideltatheta
1973,15,sigmaphiepsilon
1973,16,martiniii
1973,17,lambdachialpha
1973,18,sigmapi
1973,19,deltataudelta
1973,20,evansscholars
1973,21,sheaiii
1973,22,deltaupsilon
1973,23,pikappaalpha
1973,24,sheaii
1973,25,alphaepsilonpi
1973,26,martinii
1973,27,cravensb
1973,28,betathetapi
1973,29,alphatauomega
1973,30,bordnernw
1973,31,wissleriv
1973,32,willkiesouthiii
1973,33,cyclotrons
1972,1,kappasigma
1972,2,deltachi
1972,3,sigmaphiepsilon
1972,4,sigmaalphaepsilon
1972,5,acacia
1972,6,thetachi
1972,7,phikappapsi
1972,8,deltaupsilon
1972,9,briscoe3b-5a
1972,10,doddshouse
1972,11,martiniii
1972,12,phideltatheta
1972,13,thetaxi
1972,14,deltataudelta
1972,15,martinii
1972,16,sigmapi
1972,17,betathetapi
1972,18,phigammadelta
1972,19,sigmachi
1972,20,cronehall
1972,21,alphatauomega
1972,22,pikappaalpha
1972,23,parkshouse
1972,24,sheaground
1972,25,cravenshallb
1972,26,alphasigmaphi
1972,27,sigmanu
1972,28,pikappaphi
1972,29,alphaepsilonpi
1972,30,evansscholars
1972,31,sigmaalphamu
1972,32,kappadeltarho
1972,33,funky'sfunkin'hotsprockets
1971,1,alphatauomega
1971,2,acacia
1971,3,thetachi
1971,4,phigammadelta
1971,5,deltachi
1971,6,phideltatheta
1971,7,kappasigma
1971,8,sigmanu
1971,9,doddshouse
1971,10,sigmachi
1971,11,phikappapsi
1971,12,martiniii
1971,13,sigmaphiepsilon
1971,14,deltaupsilon
1971,15,pikappaalpha
1971,16,deltataudelta
1971,17,deweyhouse
1971,18,deltasigmapi
1971,19,briscoe
1971,20,betathetapi
1971,21,sigmaalphaepsilon
1971,22,willkievi
1971,23,sigmaalphamu
1971,24,thetaxi
1971,25,willkieiv
1971,26,sigmapi
1971,27,evansscholars
1971,28,teter
1971,29,lambdachialpha
1971,30,crone
1971,31,pikappaphi
1971,32,mageeii
1971,33,bryan
1970,1,sigmaphiepsilon
1970,2,deltachi
1970,3,doddshouse
1970,4,alphatauomega
1970,5,sigmanu
1970,6,martiniii
1970,7,sigmaalphaepsilon
1970,8,briscoeb
1970,9,thetachi
1970,10,deltataudelta
1970,11,kappasigma
1970,12,lambdachialpha
1970,13,sigmachi
1970,14,phigammadelta
1970,15,acacia
1970,16,phikappapsi
1970,17,pikappaalpha
1970,18,phideltatheta
1970,19,alphasigmaphi
1970,20,betathetapi
1970,21,sigmapi
1970,22,mageeii
1970,23,phikappatheta
1970,24,cravensc
1970,25,crone
1970,26,zetabetatau
1970,27,wilkievii
1970,28,chiphi
1970,29,deweyhouse
1970,30,sheaiii
1970,31,evansscholars
1970,32,sheaii
1970,33,sigmaalphamu
1969,1,alphatauomega
1969,2,phideltatheta
1969,3,doddshouse
1969,4,betathetapi
1969,5,kappasigma
1969,6,deltaupsilon
1969,7,acacia
1969,8,sigmanu
1969,9,briscoe
1969,10,deltachi
1969,11,kappadeltarho
1969,12,wissleriv
1969,13,sigmaphiepsilon
1969,14,phikappapsi
1969,15,sigmaalphaepsilon
1969,16,deltataudelta
1969,17,thetachi
1969,18,pikappaalpha
1969,19,phikappatheta
1969,20,phikappatau
1969,21,sigmaalphamu
1969,22,phigammadelta
1969,23,sigmachi
1969,24,cravensc
1969,25,zetabetatau
1969,26,willkie
1969,27,martiniii
1969,28,thetaxi
1969,29,mcnutt
1969,30,sigmapi
1969,31,alphaepsilonpi
1969,32,taukappaepsilon
1969,33,sheaii
1968,1,phikappapsi
1968,2,deltaupsilon
1968,3,sigmaphiepsilon
1968,4,alphatauomega
1968,5,sigmaalphamu
1968,6,acacia
1968,7,kappasigma
1968,8,sigmaalphaepsilon
1968,9,phikappatheta
1968,10,phigammadelta
1968,11,thetachi
1968,12,cravensc
1968,13,sigmanu
1968,14,doddshouse
1968,15,pikappaalpha
1968,16,lambdachialpha
1968,17,willkie
1968,18,mageeii
1968,19,kappadeltarho
1968,20,betathetapi
1968,21,phikappatau
1968,22,phiepsilonpi
1968,23,wissleriv
1968,24,martiniii
1968,25,hummerhouse
1968,26,zetabetatau
1968,27,pikappaphi
1968,28,chiphi
1968,29,mcnutt
1968,30,taukappaepsilon
1968,31,sigmachi
1968,32,willkieco-op
1968,33,phideltatheta
1967,1,phigammadelta
1967,2,phideltatheta
1967,3,sigmaalphaepsilon
1967,4,alphatauomega
1967,5,phikappatheta
1967,6,sigmachi
1967,7,sigmaphiepsilon
1967,8,phikappapsi
1967,9,thetachi
1967,10,kappasigma
1967,11,sigmanu
1967,12,doddshouse
1967,13,acacia
1967,14,deltaupsilon
1967,15,kappadeltarho
1967,16,lambdachialpha
1967,17,chiphi
1967,18,sigmapi
1967,19,deltataudelta
1967,20,thestew-bums
1967,21,briscoe#1
1967,22,betathetapi
1967,23,mageeii
1967,24,taukappaepsilon
1967,25,zetabetatau
1967,26,cravenscfriars
1967,27,phiepsilonpi
1967,28,martiniii
1967,29,fergasonhouse
1967,30,edmondsonii
1967,31,willkiemen'sco-op
1967,32,wissleriv
1967,33,alphaepsilonpi
1966,1,phikappapsi
1966,2,sigmaphiepsilon
1966,3,sigmanu
1966,4,alphatauomega
1966,5,phigammadelta
1966,6,thetachi
1966,7,sigmaalphaepsilon
1966,8,sigmachi
1966,9,deltaupsilon
1966,10,mcnutt
1966,11,betathetapi
1966,12,kappadeltarho
1966,13,phikappatheta
1966,14,taukappaepsilon
1966,15,acacia
1966,16,chiphi
1966,17,lambdachialpha
1966,18,sigmaalphamu
1966,19,phisigmakappa
1966,20,martiniii
1966,21,deltataudelta
1966,22,phikappatau
1966,23,deltachi
1966,24,willkieco-op
1966,25,briscoe
1966,26,sigmapi
1966,27,edmondsonii
1966,28,hummerhouse
1966,29,doddshouse
1966,30,kappasigma
1966,31,zetabetatau
1966,32,cravensa
1966,33,pikappaphi
1965,1,phigammadelta
1965,2,sigmaalphaepsilon
1965,3,alphatauomega
1965,4,phikappapsi
1965,5,sigmanu
1965,6,phideltatheta
1965,7,betathetapi
1965,8,kappadeltarho
1965,9,sigmaphiepsilon
1965,10,deltaupsilon
1965,11,laurel/walnut
1965,12,ruter/jerkins
1965,13,willkieco-op
1965,14,wisslerii
1965,15,acacia
1965,16,phisigmakappa
1965,17,deltataudelta
1965,18,taukappaepsilon
1965,19,jenkinsonhouse
1965,20,doddshouse
1965,21,lambdachialpha
1965,22,martiniii
1965,23,pikappaalpha
1965,24,mcnutt
1965,25,kappasigma
1965,26,thetachi
1965,27,hummerhouse
1965,28,phikappatheta
1965,29,elliott/lowe
1965,30,zetabetatau
1965,31,alphaepsilonpi
1965,32,toddhouse
1965,33,fergusonhouse
1964,1,betathetapi
1964,2,sigmaalphaepsilon
1964,3,phigammadelta
1964,4,acacia
1964,5,sigmanu
1964,6,alphatauomega
1964,7,doddshouse
1964,8,parkshouse
1964,9,chiphi
1964,10,phideltatheta
1964,11,phikappapsi
1964,12,zetabetatau
1964,13,jenkinsonhouse
1964,14,lambdachialpha
1964,15,sigmachi
1964,16,deltaupsilon
1964,17,deltachi
1964,18,thetachi
1964,19,walnuthall
1964,20,kappadeltarho
1964,21,pikappatau
1964,22,taukappaepsilon
1964,23,deltataudelta
1964,24,shea
1964,25,cravensa
1964,26,sigmaphiepsilon
1964,27,sigmaalphamu
1964,28,phisigmakappa
1964,29,fergusonhouse
1964,30,kappasigma
1964,31,dunnhouse
1964,32,toddhouse
1964,33,alphaepsilonpi
1963,1,sigmaalphaepsilon
1963,2,alphatauomega
1963,3,acacia
1963,4,phigammadelta
1963,5,betathetapi
1963,6,doddshouse
1963,7,edmondsonii
1963,8,laurelhall
1963,9,phikappapsi
1963,10,kappadeltarho
1963,11,chiphi
1963,12,phideltatheta
1963,13,sigmanu
1963,14,sigmachi
1963,15,sigmaphiepsilon
1963,16,parkshouse
1963,17,jenkinshouse
1963,18,taukappaepsilon
1963,19,zetabetatau
1963,20,forest(goodbody)
1963,21,walnuthall
1963,22,lambdachialpha
1963,23,deltachi
1963,24,kappasigma
1963,25,deltataudelta
1963,26,edmondsoniv
1963,27,sigmapi
1963,28,deltaupsilon
1963,29,thetachi
1963,30,phikappatheta
1963,31,phikappatau
1963,32,martinhall
1963,33,hummerhouse
1962,1,phikappapsi
1962,2,sigmaalphaepsilon
1962,3,phigammadelta
1962,4,chiphi
1962,5,acacia
1962,6,alphatauomega
1962,7,betathetapi
1962,8,phideltatheta
1962,9,edmondsonii
1962,10,sigmanu
1962,11,sigmaphiepsilon
1962,12,lambdachialpha
1962,13,walnuthall
1962,14,deltachi
1962,15,towersd-2
1962,16,zetabetatau
1962,17,deltataudelta
1962,18,laurelhall
1962,19,doddshouse
1962,20,kappadeltarho
1962,21,deltaupsilon
1962,22,kappasigma
1962,23,pikappatau
1962,24,fergusonhouse
1962,25,sigmapi
1962,26,phikappatheta
1962,27,foresthall
1962,28,campbellhouse
1962,29,thetachi
1962,30,stockwellhouse
1962,31,elliotthouse
1962,32,sigmachi
1962,33,parkshouse
1961,1,acacia
1961,2,phigammadelta
1961,3,phikappapsi
1961,4,lambdachialpha
1961,5,betathetapi
1961,6,sigmaphiepsilon
1961,7,sigmanu
1961,8,phideltatheta
1961,9,sigmaalphaepsilon
1961,10,doddshouse
1961,11,sigmachi
1961,12,chiphi
1961,13,zetabetatau
1961,14,kappadeltarho
1961,15,deltataudelta
1961,16,walnuthouse
1961,17,stockwellhouse
1961,18,kappasigma
1961,19,deltaupsilon
1961,20,thetachi
1961,21,normalcollege
1961,22,alphatauomega
1961,23,laurelhall
1961,24,campbellhouse
1961,25,foresthall
1961,26,dunnhouse
1961,27,parkshouse
1961,28,deltachi
1961,29,taukappaepsilon
1961,30,alphaepsilonpi
1961,31,maplehallnorth
1961,32,hallhouse
1961,33,phisigmakappa
1960,1,phikappapsi
1960,2,sigmaalphaepsilon
1960,3,lambdachialpha
1960,4,sigmanu
1960,5,phigammadelta
1960,6,chiphi
1960,7,alphatauomega
1960,8,acacia
1960,9,thedunnhouse
1960,10,deltachi
1960,11,doddshouse
1960,12,deltaupsilon
1960,13,sigmaphiepsilon
1960,14,campbellhouse
1960,15,sigmachi
1960,16,betathetapi
1960,17,towerscenterb
1960,18,foresthall
1960,19,pikappaphi
1960,20,zetabetatau
1960,21,phisigmakappa
1960,22,kappadeltarho
1960,23,hardinghouse
1960,24,ruterhouse
1960,25,sigmapi
1960,26,fergusonhouse
1960,27,sigmaalphamu
1960,28,deltataudelta
1960,29,thetachi
1960,30,kappasigma
1960,31,elliotthouse
1960,32,lowerlinden
1960,33,phideltatheta
1959,1,phikappapsi
1959,2,sigmaalphaepsilon
1959,3,sigmanu
1959,4,chiphi
1959,5,acacia
1959,6,phigammadelta
1959,7,lambdachialpha
1959,8,fergasonhouse
1959,9,doddshouse
1959,10,rollinshouse
1959,11,phideltatheta
1959,12,pikappaphi
1959,13,westlinden
1959,14,deltachi
1959,15,dunnhouse
1959,16,sigmachi
1959,17,thetachi
1959,18,sigmaphiepsilon
1959,19,deltaupsilon
1959,20,southhallbuccaneers
1959,21,northhallfriars
1959,22,betathetapi
1959,23,alphatauomega
1959,24,ruterhouse
1959,25,toddhouse
1959,26,zetabetatau
1959,27,hickoryhall
1959,28,sigmapi
1959,29,westhalltrojans
1959,30,phisigmakappa
1959,31,deltataudelta
1959,32,kappasigma
1959,33,sigmaalphamu
1958,1,phikappapsi
1958,2,sigmanu
1958,3,phigammadelta
1958,4,deltaupsilon
1958,5,sigmaalphaepsilon
1958,6,westhallii
1958,7,southcottagegrove
1958,8,phideltatheta
1958,9,acacia
1958,10,sigmapi
1958,11,chiphi
1958,12,alphatauomega
1958,13,taukappaepsilon
1958,14,southhallbuccaneers
1958,15,deltachi
1958,16,betathetapi
1958,17,doddshouse
1958,18,rollinshouse
1958,19,kappadeltarho
1958,20,fergusonhouse
1958,21,northhallbarons
1958,22,deltataudelta
1958,23,hickoryhallwest
1958,24,kappakappapsi
1958,25,kappasigma
1958,26,lambdachialpha
1958,27,sigmaalphamu
1958,28,rogersv
1958,29,hardinghouse
1958,30,zetabetatau
1958,31,hallhouse
1958,32,laurelhouse
1958,33,ruterhouse
1957,1,sigmanu
1957,2,doddshouse
1957,3,acacia
1957,4,phideltatheta
1957,5,deltachi
1957,6,phigammadelta
1957,7,alphatauomega
1957,8,sigmapi
1957,9,ruterhouse
1957,10,deltaupsilon
1957,11,southcottagegrove
1957,12,northhallbarons
1957,13,taukappaepsilon
1957,14,phikappapsi
1957,15,westhallsaints
1957,16,kappasigma
1957,17,sigmachi
1957,18,rollinshouse
1957,19,maplehallnorth
1957,20,southhallbuccaneers
1957,21,deltataudelta
1957,22,kappadeltarho
1957,23,elliotthouse
1957,24,lambdachialpha
1957,25,toddhouse
1957,26,dunnhouse
1957,27,zetabetatau
1957,28,nicholshouse
1957,29,hallhouse
1957,30,westhalltrojans
1957,31,sigmaalphamu
1957,32,parkshouse
1957,33,thetaxi
1956,1,phigammadelta
1956,2,doddshousegargoyles
1956,3,southcottagegrove
1956,4,deltachi
1956,5,sigmanu
1956,6,northhallbarons
1956,7,sigmapi
1956,8,acacia
1956,9,kappadeltarho
1956,10,phideltatheta
1956,11,phikappapsi
1956,12,deltaupsilon
1956,13,laurelhallnorth
1956,14,maplehallnorth
1956,15,rollinshouse
1956,16,rogersi
1956,17,sigmaalphaepsilon
1956,18,ruterhouse
1956,19,westhallii
1956,20,taukappaepsilon
1956,21,dunnhouse
1956,22,westhalltrojans
1956,23,kappasigma
1956,24,sigmachi
1956,25,alphatauomega
1956,26,hickoryhallwest
1956,27,parkshouse
1956,28,maplehallsouth
1956,29,southhalla
1956,30,thetachi
1956,31,hallhouseesquires
1956,32,thetaxi
1956,33,northhallcavaliers
1955,1,southcottagegrove
1955,2,westhalltrojans
1955,3,deltachi
1955,4,acacia
1955,5,northhallbarons
1955,6,sigmanu
1955,7,phigammadelta
1955,8,doddshouse
1955,9,phideltatheta
1955,10,phikappapsi
1955,11,sigmapi
1955,12,rollinshouse
1955,13,hickoryhallwest
1955,14,sigmaalphaepsilon
1955,15,ruterhouse
1955,16,zetabetatau
1955,17,hickoryhalleast
1955,18,kappasigma
1955,19,kappadeltarho
1955,20,rogeri
1955,21,phikappa
1955,22,sigmaphiepsilon
1955,23,pilambdaphi
1955,24,deltataudelta
1955,25,parkshouse
1955,26,alphatauomega
1955,27,westhallsaints
1955,28,lambdachialpha
1955,29,elliotthouse
1955,30,sigmaalphamu
1955,31,phisigmakappa
1955,32,thetachi
1955,33,deltaupsilon
1954,1,sigmanu
1954,2,acacia
1954,3,alphatauomega
1954,4,northhallbarons
1954,5,phideltatheta
1954,6,toddhouse
1954,7,phigammadelta
1954,8,deltachi
1954,9,doddshouse
1954,10,phikappa
1954,11,sigmapi
1954,12,northhallfriars
1954,13,sigmaalphaepsilon
1954,14,phikappapsi
1954,15,lambdachialpha
1954,16,alphaphialpha
1954,17,dunnhouse
1954,18,rogerswestw
1954,19,deltaupsilon
1954,20,thetachi
1954,21,southhallb
1954,22,sigmachi
1954,23,kappadeltarho
1954,24,sigmaalphamu
1954,25,betathetapi
1954,26,zetabetatau
1954,27,pikappaphi
1954,28,deltataudelta
1954,29,taukappaepsilon
1954,30,hardinghouse
1954,31,jenkinshouse
1954,32,phisigmakappa
1954,33,parkshouse
1953,1,northhallfriars
1953,2,acacia
1953,3,sigmaalphaepsilon
1953,4,deltaupsilon
1953,5,phikappapsi
1953,6,phideltatheta
1953,7,alphatauomega
1953,8,zetabetatau
1953,9,phigammadelta
1953,10,sigmapi
1953,11,phikappa
1953,12,phisigmakappa
1953,13,sigmanu
1953,14,kappadeltarho
1953,15,westhallivsaints
1953,16,westhallii
1953,17,phikappaalpha
1953,18,southhallb
1953,19,betathetapi
1953,20,doddshouse--mq
1953,21,northhallcavaliers
1953,22,kappasigma
1953,23,lambdachialpha
1953,24,toddhouse
1953,25,deltataudelta
1953,26,rogerseastw
1953,27,lowehouse--mq
1953,28,ruterhouse--mq
1953,29,sigmachi
1953,30,sigmaphiepsilon
1953,31,thetachi
1953,32,hummerhouse--mq
1953,33,jenkinshouse-mq
1952,1,northhallfriars(collins)
1952,2,rogerseastv
1952,3,phikappapsi
1952,4,phideltatheta
1952,5,alphatauomega
1952,6,zetabetatau
1952,7,sigmachi
1952,8,kappasigma
1952,9,sigmapi
1952,10,thedoddshouse(wright)
1952,11,southhallb(collins)
1952,12,toddhouse(wright)
1952,13,northhallcavaliers(collins)
1952,14,rogerseastw
1952,15,pikappaphi
1952,16,lowehouse(wright)
1952,17,rogerswestw
1952,18,westhalliiitrojans
1952,19,hummerhouse(wright)
1952,20,nicholshouse(wright)
1952,21,thetachi
1952,22,northhallbarons(collins)
1952,23,lambdachialpha
1952,24,pikappatau
1952,25,kappadetlarho
1952,26,alphaphialpha
1952,27,betathetapi
1952,28,thetaxi
1952,29,rogerswestv
1952,30,southhallbuccaneers(collins)
1952,31,sigmaalphamu
1952,32,campbellhouse(wright)
1952,33,pikappaalpha
1951,1,southhallbuccaneers(collins)
1951,2,sigmaalphaepsilon
1951,3,phigammadelta
1951,4,rogerseastv
1951,5,lambdachialpha
1951,6,northhallfriars(collins)
1951,7,zetabetatau
1951,8,phikappapi
1951,9,betathetapi
1951,10,phideltatheta
1951,11,sigmapi
1951,12,doddshouse(wrightquad)
1951,13,deltaupsilon
1951,14,thetachi
1951,15,alphatauomega
1951,16,southhallb(collins)
1951,17,sigmanu
1951,18,elliotthouse(wrightquad)
1951,19,northhallcavaliers(collins)
1951,20,fergusonhouse(wrightquad)
1951,21,nicholshouse(wrightquad)
1951,22,deltataudelta
1951,23,phisigmakappa
1951,24,rogerswestt
1951,25,acacia
1951,26,alphaphialpha
1951,27,kappasigma
1951,28,kappadeltarho
1951,29,pilambdaphi
1951,30,pikappaalpha
1951,31,parkshouse(wrightquad)
1951,32,jenkinshouse(wrightquad)
1951,33,hummerhouse(wrightquad)
