2022,1,phikappapsi
2019,1,cutters
2018,1,cutters
2017,1,sigmaalphaepsilon
2016,1,cutters
2015,1,wright
2014,1,phideltatheta
2013,1,betathetapi
2012,1,betathetapi
2011,1,sigmanu
2010,1,cutters
2009,1,phideltatheta
2008,1,sigmaalphamu
2007,1,phikappapsi
2006,1,cutters
2005,1,phikappapsi
2004,1,teammajortaylor
2003,1,phigammadelta
2002,1,phideltatheta
2001,1,fiji
2000,1,deltachi
1999,1,phideltatheta
1998,1,doddshouse
1997,1,sigmaalphaepsilon
1996,1,sigmachi
1995,1,phideltatheta
1994,1,pikappaalpha
1993,1,deltlachi
1992,1,pikappaalpha
1991,1,acacia
1990,1,phigammadelta
1989,1,sigmaalphaepsilon
1988,1,sigmaalphaepsilon
1987,1,sigmaalphaepsilon
1986,1,phideltatheta
1985,1,cutters
1984,1,sigmachi
1983,1,sigmachi
1982,1,sigmaphiepsilon
1981,1,phideltatheta
1980,1,betathetapi
1979,1,sigmachi
1978,1,taukappaepsilon
1977,1,deltachi
1976,1,deltachi
1975,1,deltachi
1974,1,sigmaalphaepsilon
1973,1,doddshouse
1972,1,deltachi
1971,1,kappasigma
1970,1,deltachi
1969,1,phideltatheta
1968,1,sigmanu
1967,1,phikappatheta
1966,1,phigammadelta
1965,1,betathetapi
1964,1,phigammadelta
1963,1,sigmaalphaepsilon
1962,1,acacia
1961,1,sigmanu
1960,1,phikappapsi
1959,1,acacia
1958,1,deltaupsilon
1957,1,doddshouse
1956,1,sigmanu
1955,1,acacia
1954,1,northhallbarons
1953,1,northhallfriars
1952,1,"rogerseast""v"""
1951,1,phideltatheta
2022,2,blackkeybulls
2019,2,phikappapsi
2018,2,kappasigma
2017,2,betathetapi
2016,2,deltataudelta
2015,2,sigmaphiepsilon
2014,2,blackkeybulls
2013,2,blackkeybulls
2012,2,csf
2011,2,cutters
2010,2,phikappapsi
2009,2,phigammadelta
2008,2,teammajortaylor
2007,2,betathetapi
2006,2,phikappapsi
2005,2,briscoe
2004,2,sigmanu
2003,2,teammajortaylor
2002,2,phigammadelta
2001,2,deltachi
2000,2,doddshouse
1999,2,sigmaphiepsilon
1998,2,sogmaalphaepsilon
1997,2,phikappapsi
1996,2,phideltatheta
1995,2,doddshouse
1994,2,phideltatheta
1993,2,pikappaalpha
1992,2,sigmachi
1991,2,sigmapi
1990,2,pikappaphi
1989,2,phigammadelta
1988,2,phideltatheta
1987,2,alphatauomega
1986,2,phigammadelta
1985,2,phideltatheta
1984,2,betathetapi
1983,2,phideltatheta
1982,2,sigmaalphaepsilon
1981,2,deltachi
1980,2,deltachi
1979,2,sigmaalphaepsilon
1978,2,sigmachi
1977,2,phideltatheta
1976,2,phigammadelta
1975,2,acacia
1974,2,deltachi
1973,2,phigammadelta
1972,2,sigmanu
1971,2,acacia
1970,2,wilkievii
1969,2,alphatauomega
1968,2,lambdachialpha
1967,2,sigmaphiepsilon
1966,2,sigmaphiepsilon
1965,2,sigmaalphaepsilon
1964,2,alphatauomega
1963,2,alphatauomega
1962,2,sigmaalphaepsilon
1961,2,sigmachi
1960,2,sigmaalphaepsilon
1959,2,phigammadelta
1958,2,sigmanu
1957,2,phideltatheta
1956,2,southcottagegrove
1955,2,northhallbarons
1954,2,friarhall
1953,2,phigammadelta
1952,2,phideltatheta
1951,2,sigmaalphaepsilon
2022,3,cutters
2019,3,phideltatheta
2018,3,sigmaalphaepsilon
2017,3,cutters
2016,3,blackkeybulls
2015,3,evansscholars
2014,3,sigmaphiepsilon
2013,3,csf
2012,3,blackkeybulls
2011,3,sigmachi
2010,3,graygoat
2009,3,cutters
2008,3,phikappapsi
2007,3,pikappaalpha
2006,3,doddshouse
2005,3,cutters
2004,3,acr
2003,3,corleones
2002,3,teammajortaylor
2001,3,sigmaphiepsilon
2000,3,cutters
1999,3,phigammadelta
1998,3,pikappaalpha
1997,3,sigmanu
1996,3,phikappapsi
1995,3,sigmaalphaepsilon
1994,3,deltachi
1993,3,sigmaalphaepsilon
1992,3,cinzano
1991,3,sigmachi
1990,3,acacia
1989,3,phideltatheta
1988,3,alphaepsilonpi
1987,3,posers
1986,3,sigmaalphaepsilon
1985,3,alphaepsilonpi
1984,3,phideltatheta
1983,3,betathetapi
1982,3,alphatauomega
1981,3,parkshouse
1980,3,pikappaalpha
1979,3,alphaepsilonpi
1978,3,deltachi
1977,3,phigammadelta
1976,3,doddshouse
1975,3,phigammadelta
1974,3,doddshouse
1973,3,sigmaalphaepsilon
1972,3,phideltatheta
1971,3,alphatauomega
1970,3,sigmaalphaepsilon
1969,3,kappasigma
1968,3,phikappatheta
1967,3,phigammadelta
1966,3,sigmaalphaepsilon
1965,3,phigammadelta
1964,3,acacia
1963,3,acacia
1962,3,phikappapsi
1961,3,phikappapsi
1960,3,phigammadelta
1959,3,sigmaalphaepsilon
1958,3,sigmaalphaepsilon
1957,3,northhallbarons
1956,3,doddshousegargoyles
1955,3,sigmanu
1954,3,phigammadelta
1953,3,alphatauomega
1952,3,phikappapsi
1951,3,fergusonhouse
2022,4,graygoat
2019,4,forest
2018,4,sigmaphiepsilon
2017,4,forest
2016,4,wright
2015,4,cutters
2014,4,sigmaalphaepsilon
2013,4,sigmaphiepsilon
2012,4,phideltatheta
2011,4,phideltatheta
2010,4,deltataudelta
2009,4,teammajortaylor
2008,4,phideltatheta
2007,4,phideltatheta
2006,4,betathetapi
2005,4,alphatauomega
2004,4,alphatauomega
2003,4,gafombi
2002,4,corleones
2001,4,phideltatheta
2000,4,sigmaphiepsilon
1999,4,phikappapsi
1998,4,pikappaphi
1997,4,phideltatheta
1996,4,sigmaalphaepsilon
1995,4,sigmaphiepsilon
1994,4,sigmaalphaepsilon
1993,4,phigammadelta
1992,4,alphaepsilonpi
1991,4,betathetapi
1990,4,betathetapi
1989,4,pikappaalpha
1988,4,betathetapi
1987,4,deltataudelta
1986,4,pikappaalpha
1985,4,chiphi
1984,4,wright-rollins
1983,4,sigmaphiepsilon
1982,4,sigmachi
1981,4,doddshouse
1980,4,wissler5
1979,4,thetachi
1978,4,phikappapsi
1977,4,sigmaalphaepsilon
1976,4,sigmaalphaepsilon
1975,4,shea2
1974,4,kappasigma
1973,4,deltaupsilon
1972,4,sigmaalphaepsilon
1971,4,phikappapsi
1970,4,doddshouse
1969,4,deltaupsilon
1968,4,alphatauomega
1967,4,alphatauomega
1966,4,betathetapi
1965,4,phikappapsi
1964,4,sigmaalphaepsilon
1963,4,phigammadelta
1962,4,lambdachialpha
1961,4,lambdachialpha
1960,4,chiphi
1959,4,phikappapsi
1958,4,sigmapi
1957,4,acacia
1956,4,deltachi
1955,4,deltachi
1954,4,acacia
1953,4,acacia
1952,4,zetabetatau
1951,4,southhallb
2022,5,sigmaphiepsilon
2019,5,blackkeybulls
2018,5,pilambdaphi
2017,5,sigmaphiepsilon
2016,5,phideltatheta
2015,5,pikappaalpha
2014,5,phigammadelta
2013,5,kappasigma
2012,5,fiji
2011,5,deltataudelta
2010,5,betathetapi
2009,5,deltataudelta
2008,5,acacia
2007,5,cutters
2006,5,sigmaalphamu
2005,5,phigammadelta
2004,5,briscoe
2003,5,acr
2002,5,teter
2001,5,alphatauomega
2000,5,phideltatheta
1999,5,dotson
1998,5,chiphi
1997,5,doddshouse
1996,5,doddshouse
1995,5,sigmachi
1994,5,sigmachi
1993,5,deltataudelta
1992,5,phikappapsi
1991,5,cinzano
1990,5,sigmachi
1989,5,acacia
1988,5,thetachi
1987,5,cutters
1986,5,alphaepsilonpi
1985,5,rollins
1984,5,lambdachialpha
1983,5,wright-parks
1982,5,hummerhouse
1981,5,kappasigma
1980,5,willkiesouth5
1979,5,deltachi
1978,5,deltlataudelta
1977,5,wilkiesouthiii
1976,5,thetaxi
1975,5,doddshouse
1974,5,sheaii
1973,5,deltachi
1972,5,acacia
1971,5,sigmanu
1970,5,sigmaphiepsilon
1969,5,martin3
1968,5,sigmachi
1967,5,sigmaalphaepsilon
1966,5,sigmanu
1965,5,sigmaphiepsilon
1964,5,chiphi
1963,5,laurelhall
1962,5,walnuthall
1961,5,phigammadelta
1960,5,acacia
1959,5,sigmanu
1958,5,phideltatheta
1957,5,sigmanu
1956,5,phigammadelta
1955,5,phigammadelta
1954,5,phideltatheta
1953,5,sigmapi
1952,5,thetachi
1951,5,rogerseastv
2022,6,bears
2019,6,sigmaphiepsilon
2018,6,phigammadelta
2017,6,sigmachi
2016,6,graygoat
2015,6,blackkeybulls
2014,6,csf
2013,6,sigmanu
2012,6,sigmanu
2011,6,blackkeybulls
2010,6,phideltatheta
2009,6,blackkeybulls
2008,6,deltaupsilon
2007,6,blackkeybulls
2006,6,phigammadelta
2005,6,doddshouse
2004,6,phigammadelta
2003,6,doddshouse
2002,6,achtung
2001,6,briscoe
2000,6,sigmaalphaepsilon
1999,6,pikapaphi
1998,6,sigmaphiepsilon
1997,6,sigmaphiepsilon
1996,6,acacia
1995,6,lambdachialpha
1994,6,cutters
1993,6,deltaupsilon
1992,6,sigmapi
1991,6,foster
1990,6,deltataudelta
1989,6,sigmaalphamu
1988,6,deltaupsilon
1987,6,doddshouse
1986,6,lambdachialpha
1985,6,collinsgraitas
1984,6,sigmaalphaepsilon
1983,6,alphatauomega
1982,6,chiphi
1981,6,sigmachi
1980,6,sigmaalphaepsilon
1979,6,wissleriii
1978,6,thetachi
1977,6,alphaepsilonpi
1976,6,phideltatheta
1975,6,wilkiesouth3
1974,6,sigmaphiepsilon
1973,6,kappasigma
1972,6,kappasigma
1971,6,betathetapi
1970,6,sigmanu
1969,6,sigmaalphamu
1968,6,phikappapsi
1967,6,sigmachi
1966,6,acacia
1965,6,phideltatheta
1964,6,taukappaepsilon
1963,6,betathetapi
1962,6,phideltatheta
1961,6,acacia
1960,6,sigmanu
1959,6,chiphi
1958,6,doddshouse
1957,6,taukappaepsilon
1956,6,northhallbarons
1955,6,hickoryhalleast
1954,6,sigmaalphaepsilon
1953,6,phideltatheta
1952,6,sigmachi
1951,6,phigammadelta
2022,7,phigammadelta
2019,7,thetachi
2018,7,sigmachi
2017,7,lambdachialpha
2016,7,pikappaalpha
2015,7,lamdachialpha
2014,7,phikappasigma
2013,7,phigammadelta
2012,7,sigmachi
2011,7,betathetapi
2010,7,blackkeybulls
2009,7,graygoat
2008,7,ridedmc
2007,7,phigammadelta
2006,7,alphatauomega
2005,7,sigmanu
2004,7,phikappapsi
2003,7,cinzano
2002,7,doddshouse
2001,7,chiphi
2000,7,deltataudelta
1999,7,sigmanu
1998,7,phikappapsi
1997,7,phigammadelta
1996,7,pikappaalpha
1995,7,acacia
1994,7,phigammadelta
1993,7,phideltatheta
1992,7,deltataudelta
1991,7,deltataudelta
1990,7,sigmapi
1989,7,phikappapsi
1988,7,deltataudelta
1987,7,phigammadelta
1986,7,thetachi
1985,7,sigmaalphaepsilon
1984,7,alphaepsilonpi
1983,7,sigmapi
1982,7,betathetapi
1981,7,taukappaepsilon
1980,7,pikappaphi
1979,7,deltataudelta
1978,7,alphaepsilonpi
1977,7,phikappapsi
1976,7,wrightrollins
1975,7,evansscholars
1974,7,sigmapi
1973,7,briscoe
1972,7,deltaupsilon
1971,7,briscoe
1970,7,lambdachialpha
1969,7,betathetapi
1968,7,phigammadelta
1967,7,kappasigma
1966,7,thetachi
1965,7,kappadeltarho
1964,7,deltataudelta
1963,7,deltataudelta
1962,7,sigmanu
1961,7,sigmaalphaepsilon
1960,7,alphatauomega
1959,7,rollinshouse
1958,7,chiphi
1957,7,rueterhouse
1956,7,sigmapi
1955,7,phideltatheta
1954,7,deltachi
1953,7,zetabetatau
1952,7,alphatauomega
1951,7,southhallbuccaneers
2022,8,phideltatheta
2019,8,godspeed
2018,8,blackkeybulls
2017,8,blackkeybulls
2016,8,sigmaalphaepsilon
2015,8,phideltatheta
2014,8,betathetapi
2013,8,phideltatheta
2012,8,cutters
2011,8,airforcemen
2010,8,sigmachi
2009,8,wright
2008,8,sigmaphiepsilon
2007,8,teammajortaylor
2006,8,lisihi
2005,8,sigmapi
2004,8,deltaupsilon
2003,8,phideltatheta
2002,8,sigmaphiepsilon
2001,8,cinzano
2000,8,phigammadelta
1999,8,doddshouse
1998,8,cutters
1997,8,sigmachi
1996,8,wright
1995,8,phigammadelta
1994,8,deltlaupsilon
1993,8,phikappapsi
1992,8,deltachi
1991,8,teamcollegelife
1990,8,fosterrsv
1989,8,deltataudelta
1988,8,phigammadelta
1987,8,pikappaalpha
1986,8,chiphi
1985,8,acacia
1984,8,phigammadelta
1983,8,rollinshouse
1982,8,parkshouse
1981,8,thetachi
1980,8,phigammadelta
1979,8,pikappaphi
1978,8,pikappaphi
1977,8,taukappaepsilon
1976,8,acacia
1975,8,sigmanu
1974,8,martinv
1973,8,phikappapsi
1972,8,phigammadelta
1971,8,martiniii
1970,8,acacia
1969,8,deltachi
1968,8,sigmaalphaepsilon
1967,8,kappadeeltarho
1966,8,deltaupsilon
1965,8,thetachi
1964,8,thetachi
1963,8,doddshouse
1962,8,phigammadelta
1961,8,betathetapi
1960,8,lambdachialpha
1959,8,sigmachi
1958,8,alphatauomega
1957,8,southcottagegrove
1956,8,sigmaalphaepsilon
1955,8,westhalltrojans
1954,8,alphatauomega
1953,8,deltaupsilon
1952,8,kappasigma
1951,8,lambdachialpha
2022,9,jetblach
2019,9,gafombi
2018,9,forest
2017,9,3ph
2016,9,csf
2015,9,sigmaalphaepsilon
2014,9,phikappapsi
2013,9,airforce
2012,9,deltaupsilon
2011,9,cru
2010,9,hoosierclimber?
2009,9,sigmachi
2008,9,deltataudelta
2007,9,doddshouse
2006,9,parrothead
2005,9,deltaupsilon
2004,9,acacia
2003,9,pikappaphi
2002,9,gafombi
2001,9,doddshouse
2000,9,chiphi
1999,9,chiphi
1998,9,phigammadelta
1997,9,betathetapi
1996,9,betathetapi
1995,9,phikappapsi
1994,9,acacia
1993,9,cinzano
1992,9,evansscholars
1991,9,sigmaalphamu
1990,9,sigmanu
1989,9,fosterrsv
1988,9,pikappaalpha
1987,9,jointventure
1986,9,kappasigma
1985,9,cinzano
1984,9,sigmanu
1983,9,acacia
1982,9,phigammadelta
1981,9,chiphi
1980,9,chiphi
1979,9,wisslerv
1978,9,kappasigma
1977,9,betathetapi
1976,9,wrightnichols
1975,9,sigmaalphaepsilon
1974,9,sigmanu
1973,9,pikappaphi
1972,9,phikappapsi
1971,9,doddshouse
1970,9,thetachi
1969,9,sigmanu
1968,9,doddshouse
1967,9,phideltatheta
1966,9,alphatauomega
1965,9,lambdachialpha
1964,9,deltachi
1963,9,jenkinshouse
1962,9,laurelhalli
1961,9,walnuthall
1960,9,deltachi
1959,9,deltachi
1958,9,phigammadelta
1957,9,phigammadelta
1956,9,acacia
1955,9,zetabetatau
1954,9,sigmanu
1953,9,sigmaalphaepsilon
1952,9,northhallc(friars)
1951,9,deltataudelta
2022,10,betasigmapsi
2019,10,sigmachi
2018,10,chialpha
2017,10,jetblach
2016,10,betathetapi
2015,10,deltataudelta
2014,10,cutters
2013,10,cutters
2012,10,deltataudelta
2011,10,lamp
2010,10,evansscholars
2009,10,acacia
2008,10,phikappatau
2007,10,deltasigmapi
2006,10,deltaupsilon
2005,10,deltasigmapi
2004,10,cutters
2003,10,sigmanu
2002,10,pikappaphi
2001,10,teter
2000,10,sigmanu
1999,10,fratello
1998,10,acacia
1997,10,deltachi
1996,10,pneuma
1995,10,alphaepsilonpi
1994,10,alphasigmaphi
1993,10,sigmanu
1992,10,lambdachialpha
1991,10,wilkiesystemw
1990,10,teter-totano
1989,10,thetachi
1988,10,alphatauomega
1987,10,phikappapsi
1986,10,cinzano
1985,10,alphatauomega
1984,10,cutters
1983,10,teamanything
1982,10,acacia
1981,10,wisslerfive
1980,10,doddshouse
1979,10,sigmaphiepsilon
1978,10,hummerhouse
1977,10,sigmapi
1976,10,kappasigma
1975,10,wissler5
1974,10,acacia
1973,10,acacia
1972,10,sigmachi
1971,10,lambdachialpha
1970,10,martiniii
1969,10,phikappatau
1968,10,phideltatheta
1967,10,phikappapsi
1966,10,phikappapsi
1965,10,toddhouse
1964,10,betathetapi
1963,10,sigmaphiepsilon
1962,10,alphatauomega
1961,10,doddshouse
1960,10,doddshouse
1959,10,betathetapi
1958,10,acacia
1957,10,deltachi
1956,10,phideltatheta
1955,10,sigmaalphaepsilon
1954,10,kappadeltarho
1953,10,westhallivsaints
1952,10,sigmapi
1951,10,alphatauomega
2022,11,chialpha
2019,11,neh
2018,11,deltachi
2017,11,bears
2016,11,3ph
2015,11,forest
2014,11,sigmachi
2013,11,phikappapsi
2012,11,lamdachialpha
2011,11,evansscholars
2010,11,phigammadelta
2009,11,phikappapsi
2008,11,deltasigmapi
2007,11,sigmaalphamu
2006,11,sigmapi
2005,11,collins
2004,11,sigmachi
2003,11,acacia
2002,11,kappasigma
2001,11,galveston
2000,11,pikappaphi
1999,11,alphachisigma
1998,11,betathetapi
1997,11,deltaupsilon
1996,11,sigmanu
1995,11,sigmanu
1994,11,teamcollegelife
1993,11,pikappaphi
1992,11,acacia
1991,11,deltachi
1990,11,alphasigmaphi
1989,11,deltaupsilon
1988,11,chiphi
1987,11,evansscholars
1986,11,sigmanu
1985,11,evansscholars
1984,11,spokesmen
1983,11,phigammadelta
1982,11,doddshouse
1981,11,phikappapsi
1980,11,sigmachi
1979,11,willkiesouthsuite
1978,11,nicholshouse
1977,11,pikappaalpha
1976,11,deltataudelta
1975,11,deltataudelta
1974,11,thetaxi
1973,11,sigmapi
1972,11,deltataudelta
1971,11,pikappaalpha
1970,11,kappasigma
1969,11,phikappatheta
1968,11,kappadeltarho
1967,11,martiniii
1966,11,kappadeltarho
1965,11,walnut&laurelhalls
1964,11,kappadeltarho
1963,11,sigmachi
1962,11,deltataudelta
1961,11,kappasigma
1960,11,betathetapi
1959,11,ruterhouse
1958,11,phikappapsi
1957,11,parkshouse
1956,11,westhallii
1955,11,sigmapi
1954,11,deltaupsilon
1953,11,kappasigma
1952,11,northhallbarons
1951,11,sigmanu
2022,12,forest
2019,12,bears
2018,12,phikappapsi
2017,12,csf
2016,12,sigmachi
2015,12,3ph
2014,12,deltataudelta
2013,12,sigmachi
2012,12,deltasigmapi
2011,12,graygoat
2010,12,deltachi
2009,12,alphatauomega
2008,12,sigmanu
2007,12,thetachi
2006,12,lambdachialpha
2005,12,lisihi
2004,12,kimball
2003,12,kimball
2002,12,fratello
2001,12,betathetapi
2000,12,alphatauomega
1999,12,deltachi
1998,12,thetachi
1997,12,acacia
1996,12,sigmaphiepsilon
1995,12,pikappaalpha
1994,12,sigmaphiepsilon
1993,12,lambdachialpha
1992,12,phigammadelta
1991,12,phigammadelta
1990,12,pikappaalpha
1989,12,cutters
1988,12,lambdachialpha
1987,12,sigmaphiepsilon
1986,12,alphatauomega
1985,12,sigmachi
1984,12,deltataudelta
1983,12,sigmaalphamu
1982,12,alphaepsilonpi
1981,12,sigmanu
1980,12,phikappapsi
1979,12,phikappapsi
1978,12,elkinii
1977,12,martiniii
1976,12,fostermageei
1975,12,readindependent
1974,12,phikappapsi
1973,12,thetachi
1972,12,briscoev
1971,12,sigmachi
1970,12,phikappapsi
1969,12,phigammadelta
1968,12,zetabetatau
1967,12,lambdachialpha
1966,12,cravensa
1965,12,acacia
1964,12,lambdachialpha
1963,12,chiphi
1962,12,deltachi
1961,12,chiphi
1960,12,sigmaalphamu
1959,12,phideltatheta
1958,12,southcottagegrove
1957,12,kappasigma
1956,12,phikappapsi
1955,12,sigmaphiepsilon
1954,12,taukappaepsilon
1953,12,phikappaalpha
1952,12,doddshouse
1951,12,parkshouse
2022,13,deltasigmapi
2019,13,phigammadelta
2018,13,alphaepsilonpi
2017,13,phisigmakappa
2016,13,alphasigmaphi
2015,13,kappasigma
2014,13,evansscholars
2013,13,deltataudelta
2012,13,sigmaphiepsilon
2011,13,deltasigmapi
2010,13,pikappaphi
2009,13,sigmanu
2008,13,cutters
2007,13,deltataudelta
2006,13,forest
2005,13,acacia
2004,13,doddshouse
2003,13,collins
2002,13,sigmapi
2001,13,deltataudelta
2000,13,lambdachialpha
1999,13,cutters
1998,13,lambdachialpha
1997,13,deltataudelta
1996,13,cutters
1995,13,deltachi
1994,13,wright
1993,13,doddshouse
1992,13,cutters
1991,13,kappasigma
1990,13,phideltatheta
1989,13,sigmaphiepsilon
1988,13,sigmaphiepsilon
1987,13,thetachi
1986,13,sigmaphiepsilon
1985,13,deltataudelta
1984,13,wright-jenkins
1983,13,alphaepsilonpi
1982,13,curryiizoo
1981,13,sigmaalphaepsilon
1980,13,sigmanu
1979,13,doddshouse
1978,13,sigmanu
1977,13,parkshouse
1976,13,teterboiseniv
1975,13,kappasigma
1974,13,alphatauomega
1973,13,betathetapi
1972,13,doddshouse
1971,13,sigmaalphaepsilon
1970,13,betathetapi
1969,13,sigmachi
1968,13,phiepsilonpi
1967,13,doddshouse
1966,13,doddshouse
1965,13,deltataudelta
1964,13,sigmaphiepsilon
1963,13,lambdachialpha
1962,13,betathetapi
1961,13,deltaupsilon
1960,13,phideltatheta
1959,13,dunnhouse
1958,13,lambdachialpha
1957,13,zetabetatau
1956,13,dunnhousesheiks
1955,13,phikappapsi
1954,13,phikappapsi
1953,13,sigmachi
1952,13,"rogerseast""w"""
1951,13,phikappapsi
2022,14,sigmaalphaepsilon
2019,14,jetblach
2018,14,graygoat
2017,14,phigammadelta
2016,14,lambdachialpha
2015,14,sigmanu
2014,14,sigmaalphamu
2013,14,sigmaalphaepsilon
2012,14,thetachi
2011,14,thetachi
2010,14,cru
2009,14,viciousanddelcious
2008,14,phigammadelta
2007,14,alphaepsilonpi
2006,14,pikappaalpha
2005,14,cinzano
2004,14,sincere
2003,14,alphatauomega
2002,14,acacia
2001,14,sigmanu
2000,14,betathetapi
1999,14,lambdachialpha
1998,14,deltachi
1997,14,pikappaalpha
1996,14,phigammadelta
1995,14,pikappaphi
1994,14,sammy&co.
1993,14,alphaepsilonpi
1992,14,phideltatheta
1991,14,phikappapsi
1990,14,lambdachialpha
1989,14,kappasigma
1988,14,americana
1987,14,kappasigma
1986,14,cutters
1985,14,pikappaalpha
1984,14,readcurry
1983,14,kappasigma
1982,14,phideltatheta
1981,14,jenkinshouse
1980,14,willkiesouth3
1979,14,pikappaalpha
1978,14,willkiesouthsuite
1977,14,sigmaphiepsilon
1976,14,betathetapi
1975,14,thetachi
1974,14,sigmachi
1973,14,sigmaphiepsilon
1972,14,sigmaphiepsilon
1971,14,phigammadelta
1970,14,sheaii
1969,14,acacia
1968,14,deltaupsilon
1967,14,phiepsilonpi
1966,14,edmondsonii
1965,14,jenkins-reuter
1964,14,sigmachi
1963,14,kappadeltarho
1962,14,deltaupsilon
1961,14,sigmaphiepsilon
1960,14,sigmaphiepsilon
1959,14,deltataudelta
1958,14,deltataudelta
1957,14,sigmapi
1956,14,deltaupsilon
1955,14,southcottagegrove
1954,14,sigmapi
1953,14,kappadeltarho
1952,14,southballb
1951,14,thetachi
2022,15,alphasigmaphi
2019,15,acacia
2018,15,phideltatheta
2017,15,graygoat
2016,15,acacia
2015,15,deltachi
2014,15,sigmapi
2013,15,alphaepsilonpi
2012,15,cru
2011,15,kappasigma
2010,15,deltaupsilon
2009,15,sigmaphiepsilon
2008,15,sigmachi
2007,15,acacia
2006,15,majortaylorunited
2005,15,wright
2004,15,phideltatheta
2003,15,fratello
2002,15,cutters
2001,15,kappasigma
2000,15,acacia
1999,15,thetachi
1998,15,deltataudelta
1997,15,thetachi
1996,15,deltachi
1995,15,cutters
1994,15,doddshouse
1993,15,teamcollegelife
1992,15,chiphi
1991,15,cutters
1990,15,deltlaupsilon
1989,15,sigmanu
1988,15,posers
1987,15,phideltlatheta
1986,15,deltataudelta
1985,15,betathetapi
1984,15,kappasigma
1983,15,deltataudelta
1982,15,willkiewheelmen
1981,15,phigammadelta
1980,15,thetachi
1979,15,betathetapi
1978,15,alphatauomega
1977,15,nicholshouse
1976,15,sigmaphiepsilon
1975,15,alphatauomega
1974,15,betathetapi
1973,15,pikappaalpha
1972,15,martiniii
1971,15,deltachi
1970,15,phikappatheta
1969,15,pikappaalpha
1968,15,mageeii
1967,15,chihphi
1966,15,martiniii
1965,15,pikappaalpha
1964,15,doddshouse
1963,15,foresthall
1962,15,chiphi
1961,15,alphatauomega
1960,15,pikappaphi
1959,15,westlindenhall
1958,15,southhallbuccaneers
1957,15,rollinshouse
1956,15,rollinshouse
1955,15,hickoryhallwest
1954,15,phikappapsi
1953,15,jenkinshouse-mq
1952,15,phikappatau
1951,15,betathetapi
2022,16,lamdachialpha
2019,16,deltasigmapi
2018,16,bears
2017,16,taukappaepsilon
2016,16,alphaepsilonpi
2015,16,csf
2014,16,doddshouse
2013,16,thetachi
2012,16,airforcemen
2011,16,deltachi
2010,16,kappasigma
2009,16,deltasigmapi
2008,16,doddshouse
2007,16,cinzano
2006,16,briscoe
2005,16,forest
2004,16,achtung
2003,16,briscoe
2002,16,alta
2001,16,lambdachialpha
2000,16,sigmachi
1999,16,collins
1998,16,sigmanu
1997,16,southcottagegrove
1996,16,thetachi
1995,16,betathetapi
1994,16,lambdachialpha
1993,16,taukappaepsilon
1992,16,mcnuttracing
1991,16,pikappaalpha
1990,16,sigmaalphamu
1989,16,americana
1988,16,beachriders
1987,16,sigmapi
1986,16,phikappapsi
1985,16,sigmaphiepsilon
1984,16,avere
1983,16,chiphi
1982,16,kappasigma
1981,16,pikappaalpha
1980,16,nicholshouse
1979,16,delgadoground
1978,16,sigmaphiepsilon
1977,16,rollinshouse
1976,16,wrightparks
1975,16,betathetapi
1974,16,deltataudelta
1973,16,evansscholars
1972,16,cronehall
1971,16,deltasigmapi
1970,16,briscoeb
1969,16,doddshouse
1968,16,wilkie
1967,16,deltataudelta
1966,16,mcnutt
1965,16,doddshouse
1964,16,zetabetatau
1963,16,sigmanu
1962,16,sigmaphiepsilon
1961,16,stockwellhouse
1960,16,campbellhouse
1959,16,doddshouse
1958,16,taukappaepsilon
1957,16,lambdachialpha
1956,16,kappasigma
1955,16,doddshouse
1954,16,betathetapi
1953,16,phikappapsi
1952,16,pikappaphi
1951,16,acacia
2022,17,csfmen
2019,17,alphakappalambda
2018,17,alphasigmaphi
2017,17,pikappaalpha
2016,17,sigmaalphamu
2015,17,betathetapi
2014,17,forest
2013,17,phikappasigma
2012,17,alphatauomega
2011,17,phikappapsi
2010,17,wright
2009,17,cru
2008,17,blackkeybulls
2007,17,evansscholars
2006,17,acacia
2005,17,achtung
2004,17,zetabetatau
2003,17,deltaupsilon
2002,17,godspeed
2001,17,achtung
2000,17,deltaupsilon
1999,17,deltataudelta
1998,17,alphasigmaphi
1997,17,pikappaphi
1996,17,alphasigmaphi
1995,17,tfat
1994,17,cyclones
1993,17,cyclones
1992,17,kappasigma
1991,17,deltaupsilon
1990,17,alphatauomega
1989,17,pikappaphi
1988,17,deltachi
1987,17,americana
1986,17,collinsgraitas
1985,17,deltaupsilon
1984,17,alphatauomega
1983,17,doddshouse
1982,17,deltataudelta
1981,17,alphasigmaphi
1980,17,martin3
1979,17,alphatauomega
1978,17,doddshouse
1977,17,thetachi
1976,17,sigmanu
1975,17,phikappapsi
1974,17,deltaupsilon
1973,17,sigmanu
1972,17,evansscholars
1971,17,deltaupsilon
1970,17,alphatauomega
1969,17,briscoe
1968,17,sigmaphiepsilon
1967,17,zetabetatau
1966,17,phikappatheta
1965,17,wisslera-2
1964,17,sigmanu
1963,17,phideltatheta
1962,17,towersd-2
1961,17,kappadeltarho
1960,17,phisigmakappa
1959,17,alphatauomega
1958,17,kappasigma
1957,17,northmaplevikings
1956,17,thetaxi
1955,17,parkshouse
1954,17,alphaphialpha
1953,17,phisigmakappa
1952,17,alphaphialpha
1951,17,elliotthouse
2022,18,iudm
2019,18,chialpha
2018,18,pikappaalpha
2017,18,alphasigmaphi
2016,18,deltachi
2015,18,sigmapi
2014,18,wright
2013,18,graygoat
2012,18,evansscholars
2011,18,csf
2010,18,zetabetatau
2009,18,pikappaalpha
2008,18,collins
2007,18,achtung
2006,18,alphaepsilonpi
2005,18,parrothead
2004,18,army
2003,18,willkie
2002,18,sigmanu
2001,18,sigmaalphaepsilon
2000,18,thetachi
1999,18,acacia
1998,18,alta
1997,18,pneuma
1996,18,cinzano
1995,18,kappasigma
1994,18,phikappapsi
1993,18,acacia
1992,18,doddshouse
1991,18,thetachi
1990,18,thetachi
1989,18,deltachi
1988,18,tetertotano
1987,18,beachriders
1986,18,acacia
1985,18,latecomers
1984,18,sigmaphiepsilon
1983,18,jenkins
1982,18,rollinshouse
1981,18,willkiewheelmen
1980,18,shea-3foster
1979,18,deltaupsilon
1978,18,lambdachialpha
1977,18,deltataudelta
1976,18,sigmachi
1975,18,chiphi
1974,18,phigammadelta
1973,18,martiniii
1972,18,pikappaalpha
1971,18,deltataudelta
1970,18,sigmachi
1969,18,phikappapsi
1968,18,kappasigma
1967,18,edmondsonii
1966,18,taukappaepsilon
1965,18,martiniii
1964,18,phideltatheta
1963,18,thetachi
1962,18,sigmapi
1961,18,zetabetatau
1960,18,dunnhouse
1959,18,toddhouse
1958,18,kappadeltarho
1957,18,phikappapsi
1956,18,hickoryhallwest
1955,18,deltataudelta
1954,18,jenkinshouse
1953,18,phikappa
1952,18,"rogerswest""w"""
1951,18,sigmapi
2022,19,betathetapi
2019,19,phikappatau
2018,19,youngpioneers
2017,19,kappasigma
2016,19,pikappaphi
2015,19,graygoat
2014,19,lambdachialpha
2013,19,forest
2012,19,alphaepsilonpi
2011,19,doddshouse
2010,19,sigmaphiepsilon
2009,19,sigmapi
2008,19,wright
2007,19,sigmaphiepsilon
2006,19,collins
2005,19,phisigmakappa
2004,19,deltasigmapi
2003,19,lambdachialpha
2002,19,briscoe
2001,19,sigmachi
2000,19,fratello
1999,19,sigmaalphaepsilon
1998,19,collinsbuccaneers
1997,19,cutters
1996,19,deltataudelta
1995,19,deltasigmapi
1994,19,alphaepsilonpi
1993,19,cutters
1992,19,sigmaalphaepsilon
1991,19,phideltatheta
1990,19,willkiedogs
1989,19,tetertotano
1988,19,collinsgraitas
1987,19,acacia
1986,19,jointventure
1985,19,phigammadelta
1984,19,deltaupsilon
1983,19,alphasigmaphi
1982,19,boiseni
1981,19,alphatauomega
1980,19,kappasigma
1979,19,chiphi
1978,19,acacia
1977,19,evansscholars
1976,19,teterwisslerv
1975,19,cravensb
1974,19,rollinshouse
1973,19,sigmachi
1972,19,thetachi
1971,19,crone
1970,19,zetabetatau
1969,19,sigmaphiepsilon
1968,19,betathetapi
1967,19,cravenscfriars
1966,19,sigmaalphamu
1965,19,sigmanu
1964,19,phikappapsi
1963,19,kappasigma
1962,19,thetachi
1961,19,thetachi
1960,19,deltaupsilon
1959,19,pikappaphi
1958,19,northhallbarons
1957,19,southhallbuccaneers
1956,19,westhalltrojans
1955,19,lambdachialpha
1954,19,thetachi
1953,19,hummerhouse--mq
1952,19,toddhouse
1951,19,phisigmakappa
2022,20,alphakappapsi
2019,20,csf
2018,20,3ph
2017,20,thetachi
2016,20,phikappasigma
2015,20,phigammadelta
2014,20,deltasigmapi
2013,20,evansscholars
2012,20,forest
2011,20,achtung
2010,20,deltasigmapi
2009,20,twistedsteel
2008,20,cru
2007,20,kappasigma
2006,20,phikappasigma
2005,20,pikappaphi
2004,20,forest
2003,20,achtung
2002,20,cinzano
2001,20,alphasigmaphi
2000,20,teter
1999,20,betathetapi
1998,20,mezcla
1997,20,chiphi
1996,20,alphaepsilonpi
1995,20,thetachi
1994,20,sigmanu
1993,20,fosterrsv
1992,20,thetachi
1991,20,sigmanu
1990,20,americana
1989,20,betathetapi
1988,20,cutters
1987,20,sigmaalphamu
1986,20,alphasigmaphi
1985,20,pikappaphi
1984,20,sigmapi
1983,20,lambdachialpha
1982,20,martinii
1981,20,acacia
1980,20,willkiesouth10
1979,20,willkiesosuthfive
1978,20,rollinshouse
1977,20,acacia
1976,20,evansscholars
1975,20,jenkinsongtround
1974,20,cravensb
1973,20,phideltatheta
1972,20,pikappaphi
1971,20,sigmaphiepsilon
1970,20,sigmaalphamu
1969,20,kappadeltarho
1968,20,chiphi
1967,20,taukappaepsilon
1966,20,chiphi
1965,20,alphatauomega
1964,20,deltaupsilon
1963,20,deltachi
1962,20,foresthall
1961,20,phideltatheta
1960,20,kappadeltarho
1959,20,deltaupsilon
1958,20,betathetapi
1957,20,sigmaalphamu
1956,20,alphatauomega
1955,20,rollinshouse
1954,20,sigmaalphamu
1953,20,northhallcavaliers
1952,20,thetaxi
1951,20,deltaupsilon
2022,21,3ph
2019,21,3ph
2018,21,betathetapi
2017,21,acacia
2016,21,sigmanu
2015,21,phikappasigma
2014,21,graygoat
2013,21,collins
2012,21,acacia
2011,21,hoosierclimber?
2010,21,sigmanu
2009,21,evansscholars
2008,21,pikappaalpha
2007,21,phikappasigma
2006,21,evansscholars
2005,21,alphaepsilonpi
2004,21,chiphi
2003,21,deltasigmapi
2002,21,chiphi
2001,21,pikappaalpha
2000,21,alphaepsilonpi
1999,21,sigmachi
1998,21,sigmachi
1997,21,cinzano
1996,21,collinsbuccaneers
1995,21,alphatauomega
1994,21,teamlastchance
1993,21,sigmaalphamu-deltasigmapi
1992,21,teamcollegelife
1991,21,chiphi
1990,21,evansscholars
1989,21,doddshouse
1988,21,sigmachi
1987,21,cinzano
1986,21,sigmachi
1985,21,kappasigma
1984,21,acacia
1983,21,willkiewheelmen
1982,21,albatross
1981,21,wisslerthree
1980,21,jenkinshouse
1979,21,willkiedeca10
1978,21,pikappaalpha
1977,21,mageei
1976,21,chiphi
1975,21,phideltatheta
1974,21,willkiesouthiii
1973,21,alphatauomega
1972,21,alphatauomega
1971,21,sigmaalphamu
1970,21,chiphi
1969,21,zetabetatau
1968,21,phikappatau
1967,21,deltaupsilon
1966,21,zetabetatau
1965,21,willkie
1964,21,phisigmakappa
1963,21,edmondsonii
1962,21,doddshouse
1961,21,deltachi
1960,21,zetabetatau
1959,21,sigmaphiepsilon
1958,21,westhallgrimreapers
1957,21,dunnhouse
1956,21,"southhall""a"""
1955,21,kappadeltarho
1954,21,doddshouse
1953,21,doddshouse--mq
1952,21,hummerhouse
1951,21,northhallcavaliers
2022,22,evan'sscholars
2019,22,alphasigmaphi
2018,22,lambdachialpha
2017,22,phideltatheta
2016,22,sigmaphiepsilon
2015,22,pikappaphi
2014,22,deltachi
2013,22,pikappaphi
2012,22,pikappaphi
2011,22,#jungleexpress
2010,22,acacia
2009,22,achtung
2008,22,evansscholars
2007,22,deltaupsilon
2006,22,blackkeybulls
2005,22,teammajortaylor
2004,22,deltataudelta
2003,22,sigmapi
2002,22,phikappapsi
2001,22,acacia
2000,22,regioncrew
1999,22,alta
1998,22,alphatauomega
1997,22,alphatauomega
1996,22,mcnutt
1995,22,humanwheels
1994,22,readzoogods
1993,22,sigmachi
1992,22,sigmaphiepsilon
1991,22,lambdachialpha
1990,22,kappasigma
1989,22,zetabetatau
1988,22,acacia
1987,22,totano
1986,22,evansscholars
1985,22,readchaingang
1984,22,cosomicdebris
1983,22,sigmanu
1982,22,lambdachialpha
1981,22,hummerhouse
1980,22,deltaupsilon
1979,22,martiniii
1978,22,willkiethree
1977,22,sigmachi
1976,22,mrccravens
1975,22,delgadoground
1974,22,phideltatheta
1973,22,martinii
1972,22,betathetapi
1971,22,sigmapi
1970,22,phigammadelta
1969,22,thetachi
1968,22,hummerhouse
1967,22,mageeii
1966,22,sigmachi
1965,22,taukappaepsilon
1964,22,sigmaalphamu
1963,22,walnuthall
1962,22,campbellhouse
1961,22,foresthall
1960,22,foresthall
1959,22,lambdachialpha
1958,22,sigmaalphamu
1957,22,sigmachi
1956,22,laurelhallnorth
1955,22,sigmaalphamu
1954,22,sigmachi
1953,22,sigmaphiepsilon
1952,22,pikappaalpha
1951,22,jenkinshouse
2022,23,wildaces
2019,23,phigammanu
2018,23,alphakappalambda
2017,23,sigmanu
2016,23,forest
2015,23,northernindiana
2014,23,pikappaphi
2013,23,deltaupsilon
2012,23,dodd'shouse
2011,23,emanon
2010,23,emanon
2009,23,deltaupsilon
2008,23,ggs
2007,23,sigmanu
2006,23,pikappaphi
2005,23,sigmaalphamu
2004,23,sigmapi
2003,23,forest
2002,23,alphatauomega
2001,23,phikappapsi
2000,23,cinzano
1999,23,deltaupsilon
1998,23,sigmapi
1997,23,kappasigma
1996,23,teamcollegelife
1995,23,deltaupsilon
1994,23,pikappaphi
1993,23,thetachi
1992,23,pikappaphi
1991,23,teamfunk
1990,23,phikappapsi
1989,23,cinzano
1988,23,evansscholars
1987,23,kappadeltarho
1986,23,chaingang
1985,23,doddshouse
1984,23,chiphi
1983,23,zetabetatau
1982,23,phikappapsi
1981,23,sigmaphiepsilon
1980,23,parkshouse
1979,23,lambdachialpha
1978,23,phideltatheta
1977,23,chiphi
1976,23,sigmapi
1975,23,martin3
1974,23,evansscholars
1973,23,sheaii
1972,23,cravenshallb
1971,23,bryan
1970,23,sigmapi
1969,23,sigmaalphaepsilon
1968,23,sigmaalphamu
1967,23,acacia
1966,23,deltataudelta
1965,23,deltaupsilon
1964,23,parkshouse
1963,23,sigmapi
1962,23,kappadeltarho
1961,23,deltataudelta
1960,23,fergusonhouse
1959,23,southhallbuccaneers
1958,23,ruterhouse
1957,23,westhalltrojans
1956,23,maplehallnorth
1955,23,deltaupsilon
1954,23,dunnhouse
1953,23,deltataudelta
1952,23,lowehouse
1951,23,pikappaalpha
2022,24,deltaupsilon
2019,24,graygoat
2018,24,blackice
2017,24,sigmaalphamu
2016,24,youngpioneer
2015,24,alphaepsilonpi
2014,24,alphaepsilonpi
2013,24,cru
2012,24,phikappatau
2011,24,phikappasigma
2010,24,thetachi
2009,24,sigmaalphamu
2008,24,betathetapi
2007,24,phisigmakappa
2006,24,thetachi
2005,24,phikappasigma
2004,24,collins
2003,24,cutters
2002,24,army
2001,24,mezcla
2000,24,ashton
1999,24,alphatauomega
1998,24,alphaepsilonpi
1997,24,sigmapi
1996,24,alphatauomega
1995,24,wright
1994,24,cinzano
1993,24,t.f.a.t.
1992,24,alphasigmaphi
1991,24,evansscholars
1990,24,phikappatau
1989,24,sigmachi
1988,24,doddshouse
1987,24,collinsgraitas
1986,24,sigmaalphamu
1985,24,thetachi
1984,24,evansscholars
1983,24,taukappaepsilon
1982,24,pikappaphi
1981,24,rollinshouse
1980,24,alphaepsilonpi
1979,24,alphasigmaphi
1978,24,sigmapi
1977,24,kappasigma
1976,24,pikappaphi
1975,24,magee1
1974,24,pikappaphi
1973,24,cravensb
1972,24,sigmapi
1971,24,teter
1970,24,phideltatheta
1969,24,deltataudelta
1968,24,martiniii
1967,24,sigmapi
1966,24,lambdachialpha
1965,24,phikappatheta
1964,24,jenkinsonhouse
1963,24,zetabetatau
1962,24,stockwellhouse
1961,24,normalcollege
1960,24,sigmachi
1959,24,phisigmakappa
1958,24,hickoryhall
1957,24,kappadeltarho
1956,24,kappadeltarho
1955,24,ruterhouse
1954,24,toddhouse
1953,24,lambdachialpha
1952,24,"rogerswest""v"""
1951,24,doddshouse
2022,25,pikappaalpha
2019,25,deltaupsilon
2018,25,csf
2017,25,alphaepsilonpi
2016,25,pilambdaphi
2015,25,thetachi
2014,25,alphatauomega
2013,25,hillel
2012,25,deltachi
2011,25,sigmaphiepsilon
2010,25,phisigmakappa
2009,25,doddshouse
2008,25,sigmapi
2007,25,wright
2006,25,deltasigmapi
2005,25,lambdachialpha
2004,25,willkie
2003,25,sigmachi
2002,25,sisenor
2001,25,cutters
2000,25,alta
1999,25,hickory
1998,25,regioncrew
1997,25,mezcla
1996,25,sigmapi
1995,25,teamcollegelife
1994,25,sigmapi
1993,25,evansscholars
1992,25,foster
1991,25,teamindependence
1990,25,alphaepsilonpi
1989,25,chiphi
1988,25,cinzano
1987,25,sigmanu
1986,25,americana
1985,25,phikappapsi
1984,25,wissler5
1983,25,fostermartiniii
1982,25,wissler3-2
1981,25,alphaepsilonpi
1980,25,phideltatheta
1979,25,hummerhouse
1978,25,evansscholars
1977,25,thetaxi
1976,25,lambdachialpha
1975,25,hummerco-op
1974,25,lambdachialpha
1973,25,thetaxi
1972,25,martiniii
1971,25,pikappaphi
1970,25,pikappaalpha
1969,25,thetaxi
1968,25,thetachi
1967,25,betathetapi
1966,25,phisigmakappa
1965,25,lowe&elliott
1964,25,fergusonhouse
1963,25,deltaupsilon
1962,25,fergasonhouse
1961,25,phisigmakappa
1960,25,hardinghouse
1959,25,zetabetatau
1958,25,deltachi
1957,25,hallhouse
1956,25,sigmachi
1955,25,phisigmakappa
1954,25,lambdachialpha
1953,25,westhallii
1952,25,nicholshouse
1951,25,pilambdaphi
2022,26,sigmachi
2019,26,betasigmapsi
2018,26,evansscholars
2017,26,sigmapi
2016,26,phigammadelta
2015,26,deltasigmapi
2014,26,deltaupsilon
2013,26,sigmaalphamu
2012,26,graygoat
2011,26,deltaupsilon
2010,26,airforce
2009,26,kappasigma
2008,26,alphatauomega
2007,26,sigmachi
2006,26,sigmachi
2005,26,pikappaalpha
2004,26,phikappasigma
2003,26,alphaepsilonpi
2002,26,forest
2001,26,pikappaphi
2000,26,phikappapsi
1999,26,deltasigmapi
1998,26,cinzano
1997,26,wright
1996,26,briscoethrillseekers
1995,26,c-a-t
1994,26,betathetapi
1993,26,sigmaphiepsilon
1992,26,deltaupsilon
1991,26,pikappaphi
1990,26,cutters
1989,26,evansscholars
1988,26,kappasigma
1987,26,zetabetatau
1986,26,deltaupsilon
1985,26,thompsonv
1984,26,alphasigmaphi
1983,26,deltaupsilon
1982,26,taukappaepsilon
1981,26,evensscholars
1980,26,acacia
1979,26,taukappaepsilon
1978,26,phigammadelta
1977,26,alphasigmaphi
1976,26,deltaupsilon
1975,26,wilkiesouth10
1974,26,thetachi
1973,26,deltlataudelta
1972,26,sheaground
1971,26,willkievi
1970,26,deltataudelta
1969,26,taukappaepsilon
1968,26,acacia
1967,26,sigmanu
1966,26,pikappaphi
1965,26,phisigmakappa
1964,26,sheahall
1963,26,phikappapsi
1962,26,zetabetatau
1961,26,campbellhouse
1960,26,thetachi
1959,26,hickoryhallwest
1958,26,zetabetatau
1957,26,westhallsaints
1956,26,thetachi
1955,26,"rogers""i"""
1954,26,phisigmakappa
1953,26,lowehouse--mq
1952,26,lambdachialpha
1951,26,alphaphialpha
2022,27,ghost
2019,27,phikappasigma
2018,27,acacia
2017,27,evansscholars
2016,27,younglife
2015,27,phisigmakappa
2014,27,pikappaalpha
2013,27,deltasigmapi
2012,27,zetabetatau
2011,27,wright
2010,27,achtung!
2009,27,thetachi
2008,27,phikappasigma
2007,27,teamsofa
2006,27,rainbow
2005,27,zetabetatau
2004,27,iusoccer
2003,27,alphasigmaphi
2002,27,alphaphiomega
2001,27,forest
2000,27,kappasigma
1999,27,kappasigma
1998,27,deltasigmapi
1997,27,collinsbuccaneers
1996,27,sigmaalphamu
1995,27,deltataudelta
1994,27,thetachi
1993,27,betathetapi
1992,27,willkie-read
1991,27,phikappatau
1990,27,ashtoncyclones
1989,27,sigmapi
1988,27,sigmapi
1987,27,parks
1986,27,trophydash
1985,27,sigmanu
1984,27,pikappaalpha
1983,27,phikappapsi
1982,27,pikappaalpha
1981,27,boiseni
1980,27,cravensa-mrc
1979,27,rollinshouse
1978,27,willkiedeca
1977,27,velo-men
1976,27,kappadeltarho
1975,27,deltaupsilon
1974,27,wisslerv
1973,27,lambdachialpha
1972,27,kappadeltarho
1971,27,mageeii
1970,27,cravensc
1969,27,wissleriv
1968,27,wissleriv
1967,27,stewbums
1966,27,phikappatau
1965,27,zetabetatau
1964,27,walnuthall
1963,27,edmondsoniv
1962,27,edmondsonii
1961,27,dunnhouse
1960,27,sigmapi
1959,27,westhalltrojans
1958,27,rollinshouse
1957,27,nicholshouse
1956,27,parkshouse
1955,27,phikappa
1954,27,deltataudelta
1953,27,southhallb
1952,27,northhallcavaliers
1951,27,hummerhouse
2022,28,phigammanumen
2019,28,sigmaalphaepsilon
2018,28,deltasigmaphi
2017,28,deltasigmapi
2016,28,phisigmakappa
2015,28,collinsbucaneers
2014,28,collinsbuccaneers
2013,28,alphatauomega
2012,28,phikappasigma
2011,28,sigmaalphaepsilon
2010,28,collinsbunnygamma
2009,28,collinsbunnygamma
2008,28,pikappaphi
2007,28,iumensrugby
2006,28,achtung
2005,28,deltakappaepsilon
2004,28,wright
2003,28,kappasigma
2002,28,deltachi
2001,28,sigmapi
2000,28,evansscholars
1999,28,wright
1998,28,teter
1997,28,alphasigmaphi
1996,28,tfat
1995,28,sigmaalphamu
1994,28,collins-graitas
1993,28,chiphi
1992,28,phikappatau
1991,28,doddshouse
1990,28,cinzano
1989,28,alphaepsilonpi
1988,28,fosterrsv
1987,28,wrightquad
1986,28,readcurrytopdrawer
1985,28,nicholscyclones
1984,28,teamcollins
1983,28,sigmaalphaepsilon
1982,28,deltachi
1981,28,pikappaphi
1980,28,cronebornlosers
1979,28,kappasigma
1978,28,kappadeltarho
1977,28,signaphinothing
1976,28,phikappapsi
1975,28,boisen4
1974,28,mageei
1973,28,sheaiii
1972,28,sigmaalphamu
1971,28,thetachi
1970,28,cronehouse
1969,28,cravenscfriars
1968,28,pikappaphi
1967,28,fergasonhouse
1966,28,deltachi
1965,28,kappasigma
1964,28,dunnhouse
1963,28,taukappaepsilon
1962,28,parkshouse
1961,28,taukappaepsilon
1960,28,towersb-2(?briscoe)
1959,28,sigmapi
1958,28,rogersv
1957,28,deltaupsilon
1956,28,taukappaepsilon
1955,28,elliotthouse
1954,28,"southhall""b"""
1953,28,ruterhouse--mq
1952,28,westhalliii
1951,28,kappadeltarho
2022,29,army
2019,29,evansscholars
2018,29,deltaupsilon
2017,29,blackice
2016,29,betasigmapsi
2015,29,younglife
2014,29,northernindiana
2013,29,lambdachialpha
2012,29,sigmaalphaepsilon
2011,29,sigmaalphamu
2010,29,sigmaalphamu
2009,29,deltachi
2008,29,phisigmakappa
2007,29,acc
2006,29,wright
2005,29,betathetapi
2004,29,evansscholars
2003,29,teter
2002,29,deltasigmapi
2001,29,foster
2000,29,deltasigmapi
1999,29,cinzano
1998,29,deltaupsilon
1997,29,evansscholars
1996,29,pikapaphi
1995,29,alphaphiomega
1994,29,humanwheels
1993,29,mcnutt
1992,29,zetabetatau
1991,29,sigmaphiepsilon
1990,29,zetabetatau
1989,29,collinsgraitas
1988,29,sigmaalphamu
1987,29,deltachi
1986,29,nicholscyclones
1985,29,lambdachialpha
1984,29,readcurry2
1983,29,read-curryivchaingang
1982,29,thetachi
1981,29,sigmapi
1980,29,sigmaphiepsilon
1979,29,jenkinshouse
1978,29,martiniii
1977,29,jenkinshouse
1976,29,thetachi
1975,29,thetaxi
1974,29,sheaiii
1973,29,alphaepsilonpi
1972,29,thetaxi
1971,29,evansscholars
1970,29,alphasigmaphi
1969,29,sigmapi
1968,29,wilkieco-op
1967,29,thetachi
1966,29,wilkico-op
1965,29,hummerhouse
1964,29,phikappatau
1963,29,parkshouse
1962,29,elliotthouse
1961,29,alphaepsilonpi
1960,29,kappasigma
1959,29,kappasigma
1958,29,laurelhall
1957,29,alphatauomega
1956,29,"rogers""i"""
1955,29,kappasigma
1954,29,"rogerswest""w"""
1953,29,toddhouse
1952,29,southhallbuccaneers
1951,29,nicholshouse
2022,30,novus
2019,30,pilambdaphi
2018,30,jetblach
2017,30,deltachi
2016,30,thetachi
2015,30,betasigmapsi
2014,30,phikappatau
2013,30,deltachi
2012,30,wright
2011,30,acacia
2010,30,lambdachialpha
2009,30,phikappasigma
2008,30,achtung
2007,30,sigmapi
2006,30,ashton/teter
2005,30,sigmachi
2004,30,lambdachialpha
2003,30,army
2002,30,willkie
2001,30,evans
2000,30,ziegler(collins)
1999,30,teter
1998,30,phisigmakappa
1997,30,mcnuttcychos
1996,30,lambdachialpha
1995,30,alphasigmaphi
1994,30,deltataudelta
1993,30,collins-graitas
1992,30,imomajortaylor
1991,30,alphaepsilonpi
1990,30,sigmaphiepsilon
1989,30,posers
1988,30,phikappapsi
1987,30,chiphi
1986,30,kappadeltarho
1985,30,erbeckmemorialvisitors
1984,30,phikappapsi
1983,30,pikappaphi
1982,30,storm
1981,30,nicholshouse
1980,30,willkie4storm
1979,30,cravensb
1978,30,alphasigmaphi
1977,30,jenkinsonii
1976,30,alphaepsilonpi
1975,30,alphaepsilonpi
1974,30,read
1973,30,wissleriv
1972,30,alphaepsilonpi
1971,30,dewey
1970,30,evansscholars
1969,30,alphaepsilonpi
1968,30,pikappaalpha
1967,30,wilkieco-op
1966,30,kappasigma
1965,30,alphaepsilonpi
1964,30,toddhouse
1963,30,hummerhouse
1962,30,kappasigma
1961,30,parkshouse
1960,30,deltataudelta
1959,30,fergusonhousevikings
1958,30,hardinghouse
1957,30,thetaxi
1956,30,maplehallsouth
1955,30,thetachi
1954,30,hardinghouse
1953,30,rogerseastw
1952,30,kappadeltarho
1951,30,kappasigma
2022,31,phisigmakappa
2019,31,pikappaalpha
2018,31,betasigmapsi
2017,31,pilambdaphi
2016,31,taukappaepsilon
2015,31,deltaupsilon
2014,31,kappadeltarho
2013,31,wright
2012,31,amalgan
2011,31,pikappaalpha
2010,31,phikappasigma
2009,31,phisigmakappa
2008,31,sofa
2007,31,chiphi
2006,31,cinzano
2005,31,deltataudelta
2004,31,teter
2003,31,alta
2002,31,deltaupsilon
2001,31,deltaupsilon
2000,31,sigmapi
1999,31,evansscholars
1998,31,forest
1997,31,zetabetatau
1996,31,willkie
1995,31,kappadeltarho
1994,31,mcnuttracingteam
1993,31,zetabetatau
1992,31,taukappaepsilon
1991,31,tmc
1990,31,sigmaalphaepsilon
1989,31,phikappatau
1988,31,sigmanu
1987,31,readcurry5
1986,31,readbeckiivisitors
1985,31,sigmaalphamu
1984,31,dodddshouse
1983,31,wright-nichols
1982,31,jenkinshouse
1981,31,blitzkriegers
1980,31,willkiesouth7
1979,31,massriders
1978,31,mageei
1977,31,sheaiii
1976,31,fostermartiniii
1975,31,sigmapi
1974,31,willkiesouthvi
1973,31,bordnernw
1972,31,alphasigmaphi
1971,31,willkieiv
1970,31,sheaiii
1969,31,mcnutt
1968,31,cravensfriars
1967,31,briscoei
1966,31,briscoe
1965,31,jenkinsonhall
1964,31,alphaepsilonpi
1963,31,phikappatheta
1962,31,phikappatau
1961,31,laurelhall
1960,31,ruterhouse
1959,31,northhallfriars
1958,31,fergasonhouse
1957,31,ellliothouse
1956,31,northhallcavaliers
1955,31,pilambdaphi
1954,31,parkshouse
1953,31,betathetapi
1952,31,campbellhouse
1951,31,zetabetatau
2022,32,sigmanu
2019,32,deltachi
2018,32,phisigmakappa
2017,32,betasigmapsi
2016,32,zetabetatau
2015,32,sigmaalphamu
2014,32,sigmanu
2013,32,kappadeltarho
2012,32,kappasigma
2011,32,phigammadelta
2010,32,doddshouse
2009,32,pikappaphi
2008,32,thetachi
2007,32,lambdachialpha
2006,32,chiphi
2005,32,evansscholars
2004,32,sigmaalphamu
2003,32,chiphi
2002,32,phisigmakappa
2001,32,alphaepsilonpi
2000,32,zetabetatau
1999,32,alphaphiomega
1998,32,wright
1997,32,lambdachialpha
1996,32,mezcla
1995,32,zetabetatau
1994,32,kappasigma
1993,32,sigmapi
1992,32,sigmaalphamu
1991,32,alphatauomega
1990,32,collinsgraitas
1989,32,readspeed
1988,32,phikappaptau
1987,32,visitors
1986,32,pikappaphi
1985,32,mcnutt
1984,32,kappadeltarho
1983,32,wright-hummer
1982,32,nicholshouse
1981,32,currytwo
1980,32,alphatauomega
1979,32,acacia
1978,32,wissler5
1977,32,kappadeltarho
1976,32,alphasigmaphi
1975,32,kappadeltarho
1974,32,crone
1973,32,willkiesouth3
1972,32,parkshouse
1971,32,thetaxi
1970,32,mageeii
1969,32,willkie
1968,32,mcnutt
1967,32,wissleriv
1966,32,hummerhouse
1965,32,ferguson
1964,32,cravensa
1963,32,martinhall
1962,32,sigmachi
1961,32,hallhouse
1960,32,lowerlinden
1959,32,sigmaalphamu
1958,32,hallhouse
1957,32,toddhouse
1956,32,hallhouseesquires
1955,32,alphatauomega
1954,32,pikappaphi
1953,32,thetachi
1952,32,sigmaalphamu
1951,32,northhallfriars
2022,33,mcnutt
2019,33,blackice
2018,33,thetachi
2017,33,younglife
2016,33,deltasigmapi
2015,33,alphatauomega
2014,33,phisigmakappa
2013,33,pikappaalpha
2012,33,phikappapsi
2011,33,sigmapi
2010,33,forfreedom
2009,33,betathetapi
2008,33,chiphi
2007,33,pikappaphi
2006,33,deltataudelta
2005,33,mezcla
2004,33,fosterinternational
2003,33,phikappapsi
2002,33,lambdachialpha
2001,33,deltasigmapi
2000,33,sigmaalphamu
1999,33,alphasigmaphi
1998,33,sigmaalphamu
1997,33,armyrotc
1996,33,chiphi
1995,33,phikappatheta
1994,33,zetabetatau
1993,33,kappadeltarho
1992,33,cyclones
1991,33,sigmaalphaepsilon
1990,33,doddshouse
1989,33,bigredwave
1988,33,alphasigmaphi
1987,33,flyinghigh
1986,33,sigmapi
1985,33,alphasigmaphi
1984,33,wright-nichols
1983,33,blitzkriegers
1982,33,sigmapi
1981,33,deltataudelta
1980,33,blitzkriegers
1979,33,willkiesouthiii
1978,33,betathetapi
1977,33,martinii
1976,33,fostermartinii
1975,33,pikappaphi
1974,33,willkiesouthx
1973,33,cyclotrons
1972,33,funky's
1971,33,phideltatheta
1970,33,wrightdewey
1969,33,sheaii
1968,33,taukappaepsilon
1967,33,alphaepsilonpi
1966,33,sigmapi
1965,33,mcnuttsuburbia
1964,33,kappasigma
1963,33,phikappatau
1962,33,phikappatheta
1961,33,maplehall
1960,33,elliotthouse
1959,33,thetachi
1958,33,kappakappapsi
1957,33,deltataudelta
1956,33,ruterhouse
1955,33,westhallsaints
1954,33,zetabetatau
1953,33,sigmanu
1952,33,betathetapi
1951,33,rogerswestt
2022,34,neh
