Year,Gender,Place,Team,Finish Time,Finals Time
2023,M,1,CUTTERS,09:27.71,n/a
2023,M,2,Sigma Phi Epsilon,09:27.96,n/a
2023,M,3,Delta Tau Delta,09:35.89,
2023,M,4,Black Key Bulls 1,09:36.29,
2023,M,5,Alpha Sigma Phi,09:49.68,
2023,M,6,Chi Alpha,09:50.18,
2023,M,7,Sigma Alpha Epsilon,09:52.68,
2023,M,8,Phi Gamma Delta 2,09:55.76,
2023,M,9,Ghost Cycling,09:59.78,
2023,M,10,Phi Kappa Psi,10:02.25,
2023,M,11,Phi Delta Theta,10:02.55,
2023,M,12,Beta Sigma Psi,10:04.40,
2023,M,13,Gray Goat,10:16.74,
2023,M,14,3PH Cycling,10:16.79,
2023,M,15,Cinzano,10:19.18,
2023,M,16,Alpha Kappa Psi,10:21.15,
2023,M,17,IUDM,10:22.64,
2023,M,18,Forest Cycling 1,10:27.46,
2023,M,19,CSF Cycling (M),10:28.91,
2023,M,20,Bears,10:30.90,
2023,M,21,Human Wheels,10:33.60,
2023,M,22,Phi Kappa Alpha,10:34.60,
2023,M,23,Sigma Nu,10:36.17,
2023,M,24,Beta Theta Pi,10:40.52,
2023,M,25,Delta Sigma Pi,10:46.16,
2023,M,26,Phi Kappa Psi 2,10:48.25,
2023,M,27,Team Seabiscuit,10:51.06,
2023,M,28,Novus Cycling (M),10:53.05,
2023,M,29,Phi Gamma Nu (M),11:02.37,
2023,M,30,3PH Cycling 2,11:03.89,
2023,M,31,XSF,11:04.79,
2023,M,32,Tau Epsilon Phi,11:15.73,
2023,M,33,Alpha Kappa Lambda,11:19.64,
2023,M,34,Delta Tau Delta B,11:22.65,
2023,M,35,Wild Aces,11:35.12,
2023,M,36,Forest Cycling 2,11:35.82,
2023,M,37,Godspeed,12:12.25,
2023,M,38,Team Secretariat,12:19.64,
2023,M,39,Phi Gamma Delta,12:51.19,
2023,F,1,Teter,10:38.68,10:43.11
2023,F,2,Melanzana,11:00.23,10:51.02
2023,F,3,Delta Gamma,11:01.96,
2023,F,4,SKI,11:21.37,
2023,F,5,Kappa Alpha Theta 1,11:27.41,
2023,F,6,IC Rookies,11:31.73,
2023,F,7,Alpha Chi Omega,11:32.74,
2023,F,8,Independent Council,11:35.35,
2023,F,9,Kappa Delta,11:37.37,
2023,F,10,CSF (W),11:39.35,
2023,F,11,RideOn,11:39.65,
2023,F,12,Kappa Kappa Gamma,11:44.14,
2023,F,13,Kappa Alpha Theta 2,11:58.55,
2023,F,14,Alpha Gamma Delta,12:09.75,
2023,F,15,Delta Gamma 2,12:21.39,
2023,F,16,Delta Zeta,12:33.98,
2023,F,17,Sigma Kappa,12:41.50,
2023,F,18,Phi Gamma Nu (W),12:57.44,
2023,F,19,Alpha Omicron Pi,13:02.51,
2023,F,20,Phi Mu,13:30.50,
2023,F,21,Bison Cycling,13:44.15,
2023,F,22,Alpha Sigma Alpha,15:52.37,
2022,F,1,Kappa Alpha Theta,11:07.84,11:03.96
2022,F,2,Melanzana Cycling,11:25.35,11:11.07
2022,F,3,Delta Gamma,11:35.66,
2022,F,4,Alpha Chi Omega,11:38.23,
2022,F,5,SKI,11:46.41,
2022,F,6,Theta Phi Alpha,11:54.74,
2022,F,7,Kappa Kappa Gamma,12:04.58,
2022,F,8,Teter,12:17.62,
2022,F,9,RideOn Cycling,12:25.85,
2022,F,10,Phi Gamma Nu,12:33.45,
2022,F,11,Kappa Delta,12:41.02,
2022,F,12,CSF Cycling,12:43.16,
2022,F,13,Independent Council Cycling,12:52.40,
2022,F,14,A Chi Cru,12:54.18,
2022,F,15,Sketa,12:56.09,
2022,F,16,Delta Gamma 2,13:01.08,
2022,F,17,Sigma Kappa,13:11.15,
2022,F,18,Alpha Delta Pi,13:14.69,
2022,F,19,Alpha Omicron Pi,13:42.88,
2022,F,20,Alpha Gamma Delta,13:57.19,
2022,F,21,AE Kappa Gamma,15:48.67,
2022,F,22,Sigma Delta Tau,16:14.28,
2022,M,1,Phi Kappa Psi,09:39.83,09:32.36
2022,M,2,Phi Delta Theta,09:42.10,09:38.12
2022,M,3,Black Key Bulls,09:42.44,
2022,M,4,Sigma Phi Epsilon,09:51.68,
2022,M,5,Gray Goat,09:58.46,
2022,M,6,JETBLACH,10:07.84,
2022,M,7,Phi Gamma Delta,10:13.02,
2022,M,8,Black Key Bulls 2,10:22.01,
2022,M,9,Bears,10:22.68,
2022,M,10,Ghost Cycling,10:24.44,
2022,M,11,Forest Cycling,10:35.86,
2022,M,12,Alpha Sigma Phi,10:43.98,
2022,M,13,IUDM Cycling,10:45.68,
2022,M,14,CSF Cycling,10:47.64,
2022,M,15,3PH Cycling,10:53.73,
2022,M,16,Gray Goat 2,10:55.82,
2022,M,17,Beta Theta Pi,10:56.52,
2022,M,18,Beta Sigma Psi,10:58.43,
2022,M,19,Delta Sigma Pi,11:06.30,
2022,M,20,Novus Cycling,11:07.54,
2022,M,21,Delta Upsilon,11:10.68,
2022,M,22,Sigma Chi,11:12.99,
2022,M,23,Forest Cycling 2,11:20.03,
2022,M,24,Delta Sigkey Bull,11:23.15,
2022,M,25,3PH Cycling 2,11:26.14,
2022,M,26,Sigma Phi Kappa Theta,11:36.58,
2022,M,27,NEH Cycling,11:37.02,
2022,M,28,Lambda Chi Alpha,11:41.68,
2022,M,29,Wild Aces Cycling,11:43.74,
2022,M,30,Phi Gamma Nu,11:46.10,
2022,M,31,Sigma Nu,11:55.43,
2022,M,32,McNutt,12:56.00,
2021,M,1,JETBLACH,09:25.67,09:41.71
2021,M,2,Cutters,09:32.42,09:52.58
2021,M,3,Sigma Phi Epsilon 1,09:48.65,
2021,M,5,Phi Kappa Psi,09:53.20,
2021,M,6,Gray Goat 1,09:53.63,
2021,M,7,Bears 1,09:56.27,
2021,M,8,Acacia,10:02.55,
2021,M,9,CSF Cycling,10:02.70,
2021,M,10,Phi Gamma Delta,10:05.06,
2021,M,11,Phi Delta Theta,10:05.79,
2021,M,12,Beta Sigma Psi,10:08.39,
2021,M,13,Forest Cycling,10:12.57,
2021,M,14,Pi Lambda Phi,10:16.23,
2021,M,15,3PH Cycling,10:26.56,
2021,M,17,Gray Goat 2,10:56.24,
2021,M,18,Theta Chi,11:01.47,
2021,M,19,Delta Sigma Pi,11:06.30,
2021,M,20,Bears 2,11:11.09,
2021,M,21,Delta Upsilon,11:24.74,
2021,M,22,Phi Kappa Sigma,11:28.75,
2021,M,23,Novus Cycling,11:35.14,
2021,M,24,Army Cycling,11:35.72,
2021,M,25,Beta Theta Pi,11:35.90,
2021,M,26,3jetblaPH,12:15.52,
2021,M,27,NEH Cycling,12:25.67,
2021,M,28,Sigma Nu,12:52.44,
2021,F,1,Alpha Xi Delta,10:36.51,11:32.58
2021,F,2,Theta Phi Alpha 1,11:01.74,DNF
2021,F,3,Delta Gamma 1,11:10.61,
2021,F,4,Teter,11:24.53,
2021,F,5,Melanzana Cycling 1,11:34.42,
2021,F,6,Alpha Delta Pi,11:36.60,
2021,F,7,RideOn Cycling*,11:41.65,
2021,F,8,Phi Mu,11:43.35,
2021,F,9,Alpha Omicron Pi,11:54.13,
2021,F,10,Alpha Chi Omega 1,11:54.68,
2021,F,11,Ski,11:57.68,
2021,F,12,Phi Gamma Nu,12:09.94,
2021,F,13,Independent Council,12:20.34,
2021,F,14,Women's Rotc,12:57.66,
2021,F,15,Sigma Kappa,13:04.22,
2021,F,16,Delta Gamma 3,13:15.82,
2021,F,17,Sigma Delta Tau,13:23.71,
2021,F,18,Kappa Delta,13:38.25,
2021,F,19,Theta Phi Alpha Xi Delta,14:04.00,
2021,F,20,Alpha Chi Omega 2,14:18.65,
2021,F,21,Delta Gamma 4,15:21.76,
2021,F,22,Melanzana Kappa Gamma,DNF,
2019,F,1,Delta Gamma 1,08:06.77,07:59.92
2019,F,2,Ski 1,08:07.43,08:10.11
2019,F,3,Alpha Chi Omega,08:14.94,
2019,F,4,Teter 1,08:20.32,
2019,F,5,Ski 2,08:20.98,
2019,F,6,Theta Phi Alpha 1,08:21.58,
2019,F,7,Kappa Alpha Theta 1,08:31.85,
2019,F,8,Phi Mu,08:37.36,
2019,F,9,CSF Cycling,08:39.24,
2019,F,10,Alpha Gamma Delta,08:42.10,
2019,F,11,Independent Council 1,08:42.26,
2019,F,12,Alpha Xi Delta,08:44.35,
2019,F,13,Teter 2,08:45.82,
2019,F,14,Cru Cycling,08:50.47,
2019,F,15,Godspeed,08:52.56,
2019,F,16,Alpha Kappa Psi,08:56.45,
2019,F,17,AGSki,09:02.93,
2019,F,18,Alpha Delta Pi,09:05.21,
2019,F,19,Cru/CSF/Phi Mu/Mel,09:07.42,
2019,F,20,Delta Gamma 2,09:10.93,
2019,F,21,Zeta Tau Alpha,09:11.64,
2019,F,22,Independent Council 2,09:12.08,
2019,F,23,Kappa Delta 1,09:12.77,
2019,F,24,Phi Gamma Nu,09:13.68,
2019,F,25,Alpha Omicron Pi,09:14.53,
2019,F,26,Theta Phi Alpha 2,09:16.39,
2019,F,27,Kappa Kappa Gamma,09:32.02,
2019,F,28,Nursing,09:34.22,
2019,F,29,Kappa Alpha Theta 2,09:39.48,
2019,F,30,Alpha Sigma Alpha 1,09:42.35,
2019,F,31,Kappa Delta 2,09:43.61,
2019,F,32,Alpha Sigma Alpha 2,09:51.87,
2019,F,33,Sigma Kappa,09:54.08,
2019,M,1,Gray Goat,09:04.73,08:59.83
2019,M,2,Black Key Bulls,09:06.56,09:04.19
2019,M,3,Phi Kappa Psi,09:11.55,
2019,M,4,Jetblach,09:17.39,
2019,M,5,Bears,09:18.72,
2019,M,6,NEH Cycling,09:22.42,
2019,M,7,Cutters,09:26.35,
2019,M,8,Sigma Alpha Epsilon,09:29.84,
2019,M,9,Phi Delta Theta,09:31.96,
2019,M,10,Gafombi,09:34.10,
2019,M,11,3PH Cycling,09:37.88,
2019,M,12,Phi Gamma Delta,09:42.68,
2019,M,13,CSF Cycling,09:46.76,
2019,M,14,Pi Lambda Phi,09:50.25,
2019,M,15,Pi Kappa Alpha,09:50.99,
2019,M,16,Delta Upsilon,09:51.97,
2019,M,17,Beta Sigma Psi,09:59.40,
2019,M,18,Sigma Chi,10:00.51,
2019,M,19,Delta Sigma Pi,10:03.15,
2019,M,20,Godspeed,10:07.53,
2019,M,21,Acacia,10:29.27,
2019,M,22,3PH Cycling,10:44.40,
2019,M,23,Evans Scholars,10:51.42,
2019,M,24,Black Ice Cycling,10:53.09,
2018,F,1,Melanzana 1,08:20.05,08:22.91
2018,F,2,Kappa Alpha Theta,08:31.28,08:26.58
2018,F,3,SKI,08:43.62,
2018,F,4,Teter,08:43.65,
2018,F,5,Alpha Chi Omega,08:44.13,
2018,F,6,Delta Gamma 1,08:45.25,
2018,F,7,Alpha Gamma Delta 1,08:48.65,
2018,F,8,Alpha Omicron Pi,08:50.39,
2018,F,9,Indepentent Council,08:52.51,
2018,F,10,RideOn,09:04.38,
2018,F,11,Delta Sigma Pi,09:07.20,
2018,F,12,CSF Cycling,09:10.56,
2018,F,13,Alpha Sigma Alpha,09:17.04,
2018,F,14,Alpha Delta Pi,09:17.91,
2018,F,15,Alpha Xi Delta 1,09:22.47,
2018,F,16,Cru Cycling,09:22.47,
2018,F,17,Phi Mu,09:37.31,
2018,F,18,Theta Phi Alpha 1,09:40.99,
2018,F,19,Sigma Kappa,09:45.44,
2018,F,20,Alpha Xi Delta 2,09:46.62,
2018,F,21,Chi Omega 1,09:48.01,
2018,F,22,Theta Phi Alpha 2,09:54.53,
2018,F,23,Centripedel Force,09:56.23,
2018,F,24,Gamma Phi Beta,09:56.36,
2018,F,25,Alpha Gamma Delta 2,10:07.75,
2018,F,26,Kappa Kappa Gamma,10:14.14,
2018,F,27,Delta Zeta,10:22.24,
2018,F,28,Chi Omega 2,10:46.70,
2018,F,29,Kappa Delta,10:55.01,
2018,M,1,Sigma Phi Epsilon,09:10.40,09:08.8
2018,M,2,Black Key Bulls 1,09:16.20,09:17.9
2018,M,3,Sigma Alpha Epsilon,09:24.11,
2018,M,4,Bears,09:31.87,
2018,M,5,Beta Theta Pi,09:33.51,
2018,M,6,3PH,09:39.37,
2018,M,7,JETBLACH 1,09:45.74,
2018,M,8,Gray Goat 1,09:46.74,
2018,M,9,Sigma Chi,09:48.62,
2018,M,10,Phi Gamma Delta,09:50.26,
2018,M,11,Forest Cycling,09:54.70,
2018,M,12,Gray Goat 2,09:56.64,
2018,M,13,Phi Kappa Psi,10:01.20,
2018,M,14,Phi Delta Theta,10:02.32,
2018,M,15,Delta Upsilon,10:02.99,
2018,M,16,Delta Chi,10:05.47,
2018,M,17,CSF Cycling,10:09.51,
2018,M,18,Black Key Bulls 2,10:09.71,
2018,M,19,Pi Kappa Alpha,10:11.39,
2018,M,20,Chi Alpha,10:25.52,
2018,M,21,Pi Lambda Phi,10:28.00,
2018,M,22,Acacia,10:36.32,
2018,M,23,Beta Sigma Psi,10:40.26,
2018,M,24,Phi Sigma Kappa,10:45.01,
2018,M,25,Young Pioneer,11:28.56,
2018,M,26,Theta Chi,15:24.07,
2017,M,1,Black Key Bulls,09:25.99,09:05.12
2017,M,2,CSF Cycling,09:39.62,09:35.03
2017,M,3,Gray Goat,09:42.64,
2017,M,4,Beta Theta Pi,09:42.92,
2017,M,5,Sigma Phi Epsilon,09:44.29,
2017,M,6,Pi Kappa Alpha,09:44.53,
2017,M,7,3PH,09:48.56,
2017,M,8,CUTTERS,09:51.88,
2017,M,9,Bears,09:53.40,
2017,M,10,Sigma Phi Epsilon 2,09:54.70,
2017,M,11,Forest Cycling,09:58.81,
2017,M,12,Sigma Chi,10:10.01,
2017,M,13,Phi Gamma Delta,10:12.07,
2017,M,14,Lambda Chi Alpha,10:13.03,
2017,M,15,Acacia,10:17.80,
2017,M,16,Black Key Bulls 2,10:20.24,
2017,M,17,Kappa Sigma,10:23.10,
2017,M,18,Pi Lambda Phi,10:23.22,
2017,M,19,Phi Delta Theta,10:29.38,
2017,M,20,Gray Goat 2,10:30.06,
2017,M,21,Phi Sigma Kappa,10:32.01,
2017,M,22,JETBLACH,10:33.67,
2017,M,23,Alpha Sigma Phi,10:35.74,
2017,M,24,Sigma Alpha Epsilon,10:40.19,
2017,M,25,Black Ice Cycling,10:40.57,
2017,M,26,Sigma Phi Epsilon 3,10:41.83,
2017,M,27,Beta Sigma Psi,10:44.86,
2017,M,28,Delta Chi,10:52.68,
2017,M,29,Sigma Nu,10:53.16,
2017,M,30,Theta Chi,10:53.22,
2017,M,31,Acacia 2,11:04.76,
2017,M,32,Alpha Epsilon Pi,11:10.59,
2017,M,33,Young Pioneers,11:19.19,
2017,M,34,3PH Cycling 2,11:20.75,
2017,M,35,Young Life,11:45.64,
2017,F,1,Delta Gamma,08:40.24,08:08.37
2017,F,2,Kappa Alpha Theta,08:37.65,08:09.31
2017,F,3,SKI,08:48.45,
2017,F,4,Phi Mu,08:48.58,
2017,F,5,Alpha Chi Omega 1,08:54.59,
2017,F,6,Alpha Gamma Delta 1,08:58.87,
2017,F,7,Melanzana 1,09:01.56,
2017,F,8,RideOn,09:03.79,
2017,F,9,Delta Sigma Pi W,09:12.34,
2017,F,10,Melanzana 2,09:13.10,
2017,F,11,Kappa Delta,09:15.39,
2017,F,12,Alpha Omicron Pi,09:17.14,
2017,F,13,Alpha Xi Delta,09:20.34,
2017,F,14,Cru Cycling 1,09:23.30,
2017,F,15,Teter,09:27.18,
2017,F,16,Alpha Sigma Alpha 1,09:28.29,
2017,F,17,Alpha Chi Omega 2,09:29.00,
2017,F,18,Alpha Delta Pi,09:32.62,
2017,F,19,Independent Council,09:35.45,
2017,F,20,Kappa Kappa Gamma,09:40.52,
2017,F,21,Sweet Potato Club,09:41.81,
2017,F,22,Alpha Gamma Delta 2,09:44.14,
2017,F,23,Sigma Kappa,09:46.43,
2017,F,24,Theta Phi Alpha,09:50.41,
2017,F,25,Delta Gamma 2,09:53.37,
2017,F,26,Phi Gamma Nu,09:56.95,
2017,F,27,IU Nursing,10:10.36,
2017,F,28,Delta Zeta,10:12.06,
2017,F,29,Delta Phi Epsilon,10:30.16,
2017,F,30,Theta Phi Alpha 2,10:33.85,
2017,F,31,Cru Cycling 2,11:04.51,
2017,F,32,Camp Kesem Cycling,11:05.50,
2017,F,33,Sigma Delta Tau,11:10.25,
2017,F,34,Alpha Epsilon Phi,12:04.09,
2016,M,1,Black Key Bulls,09:23.19,09:26.77
2016,M,2,Sigma Alpha Epsilon *,09:32.65,
2016,M,3,Cutters,09:36.86,
2016,M,4,Wright Cycling,09:37.61,
2016,M,5,Gray Goat,09:45.61,
2016,M,6,Black Key Bulls 2,09:46.27,
2016,M,7,Sigma Phi Epsilon,09:46.67,
2016,M,8,Phi Delta Theta,09:53.33,
2016,M,9,CSF Cycling,10:01.80,
2016,M,10,Forest Cycling,10:02.83,
2016,M,11,Delta Chi,10:05.60,
2016,M,12,3PH Cycling,10:08.24,
2016,M,13,Sigma Nu,10:13.35,
2016,M,14,Lambda Chi Alpha,10:13.86,
2016,M,15,Delta Tau Delta,10:17.90,
2016,M,16,Phi Gamma Delta,10:18.17,
2016,M,17,Sigma Chi,10:23.75,
2016,M,18,Pi Lambda Phi,10:35.32,
2016,M,19,Alpha Sigma Phi,10:35.71,
2016,M,20,Phi Kappa Sigma,10:36.39,
2016,M,21,Young Pioneer,10:53.60,
2016,M,22,Alpha Epsilon Pi,10:54.73,
2016,M,23,Beta Sigma Psi,10:55.52,
2016,M,24,Pi Kappa Alpha,11:01.43,
2016,M,25,Collins Bucanneers,11:13.31,
2016,M,26,Acacia,11:20.03,
2016,M,27,Tau Kappa Epsilon,11:39.56,
2016,M,28,Phi Delta Theta 2,11:50.31,
2016,M,29,Pi Kappa Phi,12:12.97,
2016,F,1,Teter,08:36.81,08:30.62
2016,F,2,Kappa Alpha Theta,08:30.81,08:41.15
2016,F,3,Delta Gamma,08:41.15,
2016,F,4,Alpha Omicron Pi,08:41.80,
2016,F,5,Phoenix,08:46.92,
2016,F,6,Kappa Alpha Theta 2,08:59.94,
2016,F,7,Phi Mu,09:03.85,
2016,F,8,Cru Women's Cycling,09:10.87,
2016,F,9,Delta Sigma Pi,09:12.45,
2016,F,10,Alpha Chi Omega,09:18.77,
2016,F,11,Melanzana Cycling 2,09:19.45,
2016,F,12,Delta Zeta,09:19.83,
2016,F,13,Alpha Sigma Alpha,09:19.92,
2016,F,14,Delta Gamma 2,09:21.38,
2016,F,15,RideOn,09:23.51,
2016,F,16,Kappa Delta 2,09:25.83,
2016,F,17,Kappa Kappa Gamma,09:29.22,
2016,F,18,Chi Omega,09:31.86,
2016,F,19,Gamma Phi Beta,09:32.88,
2016,F,20,Alpha Sigma Alpha 2,09:33.14,
2016,F,21,Alpha Xi Delta,09:33.71,
2016,F,22,Melanzana Cycling,09:36.95,
2016,F,23,Alpha Gamma Delta,09:38.46,
2016,F,24,CSF,09:38.79,
2016,F,25,Alpha Delta Pi,09:49.74,
2016,F,26,Theta Phi Alpha,10:15.32,
2016,F,27,Phi Mu 2,10:17.95,
2016,F,28,RideOn 2,10:18.40,
2016,F,29,Alpha Gamma Delta 2,10:56.08,
2016,F,30,Sigma Delta Tau,11:18.77,
2015,M,1,Black Key Bulls,09:07.61,08:56.42
2015,M,2,Delta Tau Delta,09:12.46,09:03.14
2015,M,3,Black Key Bulls 2,09:15.35,
2015,M,4,Sigma Alpha Epsilon,09:17.06,
2015,M,5,Phi Delta Theta,09:20.81,
2015,M,6,Beta Theta Pi,09:21.52,
2015,M,7,Sigma Phi Epsilon,09:22.04,
2015,M,8,Cutters,09:23.48,
2015,M,9,Forest Cycling,09:25.25,
2015,M,10,Sigma Nu,09:28.35,
2015,M,11,Gray Goat,09:31.09,
2015,M,12,Wright Cycling,09:38.11,
2015,M,13,Northern Indiana Cycling,09:43.14,
2015,M,14,Phi Kappa Sigma,09:46.11,
2015,M,15,Delta Chi,09:49.25,
2015,M,16,3PH Cycling,09:50.27,
2015,M,17,CSF Cycling,09:52.22,
2015,M,18,Phi Gamma Delta,09:54.55,
2015,M,19,Alpha Epsilon Pi,09:58.42,
2015,M,20,Lambda Chi Alpha,09:58.66,
2015,M,21,Kappa Sigma,10:01.65,
2015,M,22,3PH Cycling 2,10:02.33,
2015,M,23,Phi Sigma Kappa,10:10.58,
2015,M,24,Forest Cycling 2,10:10.66,
2015,M,25,Pi Kappa Alpha,10:16.05,
2015,M,26,YoungLife,10:23.94,
2015,M,27,Delta Upsilon,10:25.30,
2015,M,28,Phi Delta Theta 2,10:28.37,
2015,M,29,Delta Sigma Pi,10:31.66,
2015,M,30,Collins Buccaneers,10:41.51,
2015,M,31,Delta Tau Sigma Epsilon,10:43.28,
2015,M,32,Beta Sigma Psi,10:59.81,
2015,M,33,Kappa Sigma 2,11:47.02,
2015,F,1,Ski,08:16.08,08:10.01
2015,F,2,Alpha Chi Omega,08:24.32,08:17.93
2015,F,3,Kappa Alpha Theta,08:29.23,
2015,F,4,Phoenix Cycling,08:29.95,
2015,F,5,Alpha Omicron Pi,08:34.46,
2015,F,6,Melanzana Cycling,08:36.14,
2015,F,7,Kappa Delta,08:37.83,
2015,F,8,Delta Gamma,08:38.50,
2015,F,9,Melanzana 2,08:40.43,
2015,F,10,CRU Cycling,08:41.33,
2015,F,11,Alpha Xi Delta,08:45.19,
2015,F,12,Gamma Phi Beta,08:45.33,
2015,F,13,CSF,08:47.19,
2015,F,14,Alpha Gamma Delta,08:48.76,
2015,F,15,Alpha Sigma Alpha,08:49.47,
2015,F,16,Phi Mu,08:55.25,
2015,F,17,Kappa Kappa Gamma,08:55.26,
2015,F,18,Delta Sigma Pi,08:55.77,
2015,F,19,Pi Beta Phi,09:02.43,
2015,F,20,Wing It,09:02.83,
2015,F,21,Alpha Delta Pi,09:08.34,
2015,F,22,RideOn,09:08.39,
2015,F,23,Chi Omega,09:25.57,
2015,F,24,Independent Council Cycling,09:33.40,
2015,F,25,IU Nursing,09:37.00,
2015,F,26,Theta Phi Alpha,09:38.71,
2015,F,27,Alpha Gamma Delta 2,09:49.23,
2015,F,28,Zeta Tau Alpha,09:52.18,
2015,F,29,Independent Council Cycling 2,09:59.57,
2015,F,30,Theta Phi Alpha 2,10:16.94,
2015,F,31,Sigma Delta Tau,11:45.56,
2015,F,32,Alpha Epsilon Phi,13:16.01,
2014,M,1,Black Key Bulls,09:21.16,09:16.31
2014,M,2,Phi Gamma Delta,09:22.86,09:25.31
2014,M,3,Cutters,09:23.65,
2014,M,4,Phi Delta Theta,09:26.81,
2014,M,5,Delta Tau Delta,09:30.19,
2014,M,6,Beta Theta Pi,09:34.44,
2014,M,7,Sigma Alpha Epsilon,09:35.36,
2014,M,8,Wright Cycling,09:35.94,
2014,M,9,CSF (M),09:42.24,
2014,M,10,Phi Delta Theta (2),09:45.71,
2014,M,11,Black Key Bulls (2),09:47.77,
2014,M,12,Forest Cycling,09:48.02,
2014,M,13,Sigma Phi Epsilon,09:49.13,
2014,M,14,Gray Goat,09:57.56,
2014,M,15,Phi Kappa Sigma,10:02.33,
2014,M,16,Phi Kappa Psi,10:06.84,
2014,M,17,Wright Cycling 2,10:16.03,
2014,M,18,Delta Chi,10:16.45,
2014,M,19,Delta Sigma Pi,10:19.35,
2014,M,20,Delta Upsilon,10:22.97,
2014,M,21,Collins Buccaneers,10:26.47,
2014,M,22,Sigma Phi Epsilon (2),10:36.08,
2014,M,23,Sigma Alpha Epsilon (2),10:46.16,
2014,M,24,Northern Indiana Cycling,10:49.24,
2014,M,25,Pi Kappa Alpha,10:55.31,
2014,M,26,Alpha Tau Omega,10:56.77,
2014,M,27,Phi Sigma Kappa,11:52.87,
2014,M,28,Phi Kappa Tau,11:57.59,
2014,M,29,Collins Buccaneers (2),12:16.85,
2014,F,1,Teter,08:20.57,08:16.89
2014,F,2,Alpha Chi Omega,08:19.46,08:29.42
2014,F,3,Kappa Alpha Theta,08:28.64,
2014,F,4,Cru (W),08:46.84,
2014,F,5,Alpha Gamma Delta,08:47.20,
2014,F,6,Delta Gamma,08:53.20,
2014,F,7,Melanzana,09:00.10,
2014,F,8,Phi Mu,09:00.40,
2014,F,9,Wing It,09:00.50,
2014,F,10,Alpha Xi Delta,09:06.53,
2014,F,11,Ski,09:11.27,
2014,F,12,CSF Cycling (W),09:12.38,
2014,F,13,Kappa Delta,09:13.40,
2014,F,14,Kappa Kappa Gamma,09:13.46,
2014,F,15,Theta Phi Alpha,09:13.85,
2014,F,16,Kappa Delta 2,09:25.86,
2014,F,17,Gamma Phi Beta,09:33.02,
2014,F,18,Collins (W),09:36.84,
2014,F,19,Alpha Sigma Alpha,09:37.36,
2014,F,20,Delta Sigma Pi,09:39.71,
2014,F,21,Collins (W) 2,09:48.55,
2014,F,22,RideOn,09:51.86,
2014,F,23,Zeta Tau Alpha,10:09.35,
2014,F,24,Army (W),10:10.76,
2014,F,25,Alpha Delta Pi,10:32.85,
2014,F,26,Delta Zeta,10:55.77,
2014,F,27,Delta Phi Epsilon,10:57.80,
2014,F,28,Alpha Epsilon Phi,,
2014,F,29,Alpha Omicron Pi,,
2014,F,30,Air Force (W),,
2014,F,31,Collins (W),,
2014,F,32,IU Nursing,,
2014,F,33,Sigma Delta Tau,,
2014,F,34,Mezcla,,
2014,F,35,RideOn,,
2014,F,36,Chi Omega,,
2013,M,1,Beta Theta Pi,09:02.66,08:49.70
2013,M,2,Cutters,09:06.75,09:03.84
2013,M,3,Black Key Bulls,09:14.72,
2013,M,4,Phi Delta Theta,09:18.11,
2013,M,5,Sigma Phi Epsilon,09:29.56,
2013,M,6,Phi Gamma Delta,09:42.76,
2013,M,7,Gray Goat,09:47.37,
2013,M,8,Sigma Alpha Epsilon,09:49.31,
2013,M,9,Wright,09:50.23,
2013,M,10,Phi Kappa Psi,09:55.96,
2013,M,11,Forest,10:00.65,
2013,M,12,Phi Delta Theta 2,10:00.97,
2013,M,13,Sigma Nu,10:06.97,
2013,M,14,Sigma Chi,10:09.84,
2013,M,15,CSF 2,10:10.42,
2013,M,16,Delta Upsilon,10:13.46,
2013,M,17,BKB 2,10:14.86,
2013,M,18,Kappa Sigma,10:15.06,
2013,M,19,Phi Kappa Psi 2,10:15.26,
2013,M,20,CSF,10:17.38,
2013,M,21,Phi Kappa Sigma,10:19.73,
2013,M,22,Lambda Chi Alpha,10:20.92,
2013,M,23,Alpha Epsilon Pi,10:25.01,
2013,M,24,Delta Tau Delta 2,10:33.15,
2013,M,25,Air Force Men,10:34.90,
2013,M,26,Collins Buccaneers,10:36.70,
2013,M,27,Phi Delta Theta 3,10:40.07,
2013,M,28,Alpha Tau Omega,10:58.31,
2013,M,29,Cru/AF,11:38.74,
2013,M,30,Delta Sigma Pi,11:55.37,
2013,F,1,Teter,08:22.70,08:20.11
2013,F,2,Delta Gamma,08:28.18,08:24.35
2013,F,3,Wing It Cycling,08:33.97,
2013,F,4,Kappa Alpha Theta,08:34.77,
2013,F,5,Kappa Delta,08:36.56,
2013,F,6,Cru Cycling (W),08:46.06,
2013,F,7,Alpha Chi Omega,08:55.90,
2013,F,8,Gamma Phi Beta,08:56.64,
2013,F,9,Kappa Kappa Gamma,09:00.67,
2013,F,10,Phi Mu,09:01.35,
2013,F,11,Melanzana Cycling,09:06.16,
2013,F,12,Collins,09:10.44,
2013,F,13,CSF,09:11.53,
2013,F,14,Pi Beta Phi,09:19.91,
2013,F,15,IU Army Cycling,09:26.77,
2013,F,16,RideOn,09:32.19,
2013,F,17,Zeta Tau Alpha,09:37.00,
2013,F,18,Alpha Xi Delta,09:37.93,
2013,F,19,Air Foce Cycling (W),09:40.19,
2013,F,20,Chi Omega,09:43.07,
2013,F,21,Alpha Gamma Delta,09:45.92,
2013,F,22,Cru Cycling (Women - B),09:46.03,
2013,F,23,Last Chance,09:49.34,
2013,F,24,CSF 2,09:52.54,
2013,F,25,Alpha Sigma Alpha,10:27.76,
2013,F,26,Alpha Epsilon Phi,10:48.75,
2013,F,27,Delta Zeta,10:53.02,
2013,F,28,Alpha Delta Pi,10:56.70,
2013,F,29,Alpha Phi,11:19.69,
2013,F,30,Delta Delta Delta,11:47.43,
2012,M,1,Delta Tau Delta,09:25.62,09:11.96
2012,M,2,Phi Delta Theta,09:24.56,09:15.12
2012,M,3,Beta Theta Pi,09:27.02,
2012,M,4,Cutters,09:29.68,
2012,M,5,Black Key Bulls A,09:30.61,
2012,M,6,Theta Chi,09:31.25,
2012,M,7,Sigma Phi Epsilon,09:33.41,
2012,M,8,Acacia,09:39.39,
2012,M,9,FIJI,09:40.33,
2012,M,10,Delta Sigma Pi,09:47.11,
2012,M,11,Black Key Bulls B,09:51.37,
2012,M,12,CUTTERS 2,09:52.44,
2012,M,13,Sigma Chi,10:01.00,
2012,M,14,Phi Delta Theta 3,10:02.20,
2012,M,15,Alpha Epsilon Pi,10:03.02,
2012,M,16,Kappa Sigma,10:04.75,
2012,M,17,Amalgam,10:05.65,
2012,M,18,Delta Chi,10:08.82,
2012,M,19,CSF Cycling 1,10:11.41,
2012,M,20,Phi Kappa Psi,10:11.77,
2012,M,21,CSF Cycling 2,10:16.85,
2012,M,22,Grey Goat,10:37.20,
2012,M,23,Wright Cycling,10:37.64,
2012,M,24,Lambda Chi Alpha,10:42.46,
2012,M,25,Delta Upsilon,11:20.41,
2012,F,1,Teter,08:14.49,08:23.99
2012,F,2,Theta,08:18.20,08:33.16
2012,F,3,Wing It Cycling,08:27.61,
2012,F,4,Delta Gamma,08:37.92,
2012,F,5,Cru Cycling (W) A,08:52.59,
2012,F,6,Kappa Kappa Gamma,08:53.29,
2012,F,7,Melanzana,08:53.36,
2012,F,8,Alpha Gamma Delta,09:05.74,
2012,F,9,Collins,09:07.33,
2012,F,10,RideOn,09:12.63,
2012,F,11,Cru Cycling (W) B,09:30.90,
2012,F,12,Army Women Cycling,09:48.14,
2012,F,13,Willkie,09:55.34,
2012,F,14,Anchors Away,10:36.89,
2011,M,1,Delta Tau Delta,09:10.19,09:07.39
2011,M,2,Sigma Chi,09:08.21,09:09.91
2011,M,3,Cutters,09:10.29,
2011,M,4,Phi Delta Theta,09:12.24,
2011,M,5,Beta Theta Pi,09:21.22,
2011,M,6,Black Key Bulls,09:24.25,
2011,M,7,Phi Gamma Delta,09:25.62,
2011,M,8,Hoosier Climber?,09:31.15,
2011,M,9,Gray Goat Cycling,09:33.14,
2011,M,10,CRU Cycling,09:34.64,
2011,M,11,Delta Chi,09:38.22,
2011,M,12,#JungleExpress,09:39.19,
2011,M,13,Phi Kappa Psi,09:40.91,
2011,M,14,Kappa Sigma,09:41.07,
2011,M,15,Wright Cycling,09:42.52,
2011,M,16,Sigma Nu,09:45.44,
2011,M,17,Theta Chi,09:49.33,
2011,M,18,Delta Upsilon,09:49.62,
2011,M,19,Sigma Pi,09:50.63,
2011,M,20,Emanon,09:50.79,
2011,M,21,CSF Cycling,09:51.72,
2011,M,22,Acacia,09:52.32,
2011,M,23,Sigma Phi Epsilon,09:52.39,
2011,M,24,Achtung!,09:54.66,
2011,M,25,Cru Cycling B,09:55.56,
2011,M,26,Air Force Cycling,09:58.96,
2011,M,27,Dodds House,10:02.31,
2011,M,28,Sigma Alpha Mu,10:05.56,
2011,M,29,Phi Kappa Sigma,10:16.69,
2011,M,30,LAMP,10:17.28,
2011,M,31,Sigma Alpha Epsilon,10:42.04,
2011,M,32,Delta Sigma Pi,10:47.69,
2011,F,1,Teter,07:50.11,08:00.10
2011,F,2,Delta Gamma,08:15.59,08:10.76
2011,F,3,Kappa Delta,08:20.43,
2011,F,4,Kappa Alpha Theta,08:23.08,
2011,F,5,Wing It,08:25.53,
2011,F,6,Kappa Kappa Gamma,08:28.78,
2011,F,7,Army,08:30.32,
2011,F,8,Delta Zeta,08:35.95,
2011,F,9,Gamma Phi Beta,08:37.54,
2011,F,10,Alpha Xi Delta,08:41.74,
2011,F,11,SPQR,08:42.28,
2011,F,12,Cru Cycling (W),08:44.12,
2011,F,13,Phi Mu,08:53.22,
2011,F,14,Team Revolution,08:58.30,
2011,F,15,Chi Omega,09:06.12,
2011,F,16,Delta Sigma Pi (W),09:15.53,
2011,F,17,Chi Omega 2,09:17.33,
2011,F,18,Rainbow Cycling,09:27.28,
2011,F,19,Delta Gamma 2,09:34.73,
2011,F,20,Alpha Epsilon Phi,11:40.85,
2010,M,1,Phi Delta Theta,09:12.92,09:17.63
2010,M,2,Phi Kappa Psi,09:26.46,09:25.49
2010,M,3,Phi Gamma Delta,09:31.10,
2010,M,4,Cutters,09:34.95,
2010,M,5,Sigma Chi,09:35.61,
2010,M,6,Black Key Bulls,09:37.40,
2010,M,7,Gray Goat Cycling,09:38.59,
2010,M,8,Beta Theta Pi,09:39.31,
2010,M,9,Acacia,09:44.42,
2010,M,10,Delta Chi,09:49.45,
2010,M,11,Wright Cycling,09:50.56,
2010,M,12,Sigma Nu,09:51.86,
2010,M,13,Delta Tau Delta,09:53.75,
2010,M,14,Phi Delta Theta B,09:56.27,
2010,M,15,Hoosier Climber?,09:58.40,
2010,M,16,Sigma Phi Epsilon,09:59.61,
2010,M,17,Kappa Sigma,10:00.72,
2010,M,18,Delta Upsilon,10:03.00,
2010,M,19,CRU Cycling,10:04.53,
2010,M,20,Evans Scholars,10:05.99,
2010,M,21,Collins Bunny Gamma,10:06.84,
2010,M,22,Delta Sigma Pi (M),10:08.06,
2010,M,23,Theta Chi,10:10.05,
2010,M,24,Pi Kappa Phi,10:17.86,
2010,M,25,Dodds' House,10:18.16,
2010,M,26,Achtung!,10:20.25,
2010,M,27,Phi Sigma Kappa,10:20.33,
2010,M,28,Emanon,10:20.43,
2010,M,29,Air Force (M),10:21.44,
2010,M,30,Sigma Alpha Mu,10:22.72,
2010,M,31,Plan B,10:48.24,
2010,M,32,Lambda Chi Alpha,11:09.58,
2010,F,1,Teter,08:34.43,08:20.04
2010,F,2,Kappa Kappa Gamma,08:28.94,08:26.74
2010,F,3,Kappa Alpha Theta,08:37.16,
2010,F,4,Delta Gamma,08:38.61,
2010,F,5,Army (W),08:41.05,
2010,F,6,Alpha Gamma Delta,08:41.60,
2010,F,7,Wing It,08:50.66,
2010,F,8,Kappa Delta,08:59.19,
2010,F,9,Relativity,09:00.04,
2010,F,10,Gamma Phi Beta,09:04.52,
2010,F,11,Delta Sigma Pi (W),09:04.77,
2010,F,12,Phi Mu,09:06.08,
2010,F,13,SPQR,09:10.25,
2010,F,14,LAMP (W),09:14.17,
2010,F,15,Mezcla (W),09:22.33,
2010,F,16,Alpha Phi,09:23.66,
2010,F,17,Zeta Tau Alpha,09:23.91,
2010,F,18,Dynamica,09:24.71,
2010,F,19,Alpha Xi Delta,09:28.17,
2010,F,20,Lioness Cycling,09:29.87,
2010,F,21,Chi Omega,09:30.72,
2010,F,22,Team Revolution,09:37.21,
2010,F,23,Alpha Epsilon Phi,09:53.19,
2010,F,24,Air Force (W),09:55.30,
2010,F,25,Mezcla (W),10:01.32,
2010,F,26,Alpha Omicron Pi,10:14.49,
2010,F,27,Alpha Delta Pi,10:14.55,
2010,F,28,Team Gluff,10:18.16,
2010,F,29,Last Chance,10:30.46,
2009,M,1,Black Key Bulls,09:07.56,09:00.89
2009,M,2,Cutters,09:11.17,09:07.95
2009,M,3,Phi Delta Theta,09:13.95,
2009,M,4,Phi Gamma Delta,09:16.62,
2009,M,5,Team Major Taylor,09:25.24,
2009,M,6,Gray Goat Cycling,09:25.30,
2009,M,7,Black Key Bulls 2,09:26.09,
2009,M,8,Phi Kappa Psi,09:26.75,
2009,M,9,Acacia,09:27.39,
2009,M,10,Sigma Chi,09:28.55,
2009,M,11,Delta Tau Delta,09:34.64,
2009,M,12,Delta Upsilon,09:35.04,
2009,M,13,Collins Bunny Gamma,09:48.45,
2009,M,14,Delta Sigma Pi,09:51.96,
2009,M,15,Wright Cycling,09:55.91,
2009,M,16,Delta Chi,09:56.55,
2009,M,17,Achtung,09:59.27,
2009,M,18,Sigma Pi,10:00.83,
2009,M,19,Sigma Phi Epsilon,10:02.66,
2009,M,20,Kappa Sigma,10:06.00,
2009,M,21,Theta Chi,10:06.03,
2009,M,22,Sigma Alpha Mu,10:06.34,
2009,M,23,CRU Cycling,10:09.68,
2009,M,24,Beta Theta Pi,10:12.95,
2009,M,25,Pi Kappa Phi,10:16.36,
2009,M,26,Phi Sigma Kappa,10:20.33,
2009,M,27,Dodds House,10:30.45,
2009,M,28,Phi Kappa Sigma,10:32.92,
2009,M,29,Vicious and Delicious,10:37.56,
2009,M,30,Pi Kappa Alpha,10:39.96,
2009,M,31,Phi Delta Theta 2,11:14.27,
2009,F,1,Kappa Delta,08:17.07,08:05.84
2009,F,2,Kappa Alpha Theta,08:19.47,08:16.80
2009,F,3,Alpha Gamma Delta,08:23.21,
2009,F,4,Wing It,08:24.89,
2009,F,5,Kappa Kappa Gamma,08:26.24,
2009,F,6,Army Women,08:27.42,
2009,F,7,Delta Gamma,08:29.68,
2009,F,8,Teter,08:41.91,
2009,F,9,Gamma Phi Beta,08:45.37,
2009,F,10,Alpha Omicron Pi,08:48.15,
2009,F,11,Couch,08:51.83,
2009,F,12,Athena,08:54.43,
2009,F,13,Phi Mu,09:05.23,
2009,F,14,Alpha Chi Omega,09:07.43,
2009,F,15,Collins (W),09:13.63,
2009,F,16,Alpha Phi,09:16.65,
2009,F,17,Delta Sigma Pi,09:22.36,
2009,F,18,Chi Omega,09:25.58,
2009,F,19,Delta Sigma Pi 2,09:46.13,
2009,F,20,Mezcla,09:58.95,
2009,F,21,Cycledelics,09:59.72,
2008,M,1,Cutters,09:06.92,09:02.03
2008,M,2,Phi Kappa Psi,09:14.22,09:14.57
2008,M,3,Dodds House,09:16.13,
2008,M,4,Black Key Bulls,09:20.08,
2008,M,5,Phi Delta Theta,09:20.91,
2008,M,6,Acacia,09:29.07,
2008,M,7,Delta Upsilon,09:34.03,
2008,M,8,Delta Tau Delta,09:34.37,
2008,M,9,Ride DMC,09:34.58,
2008,M,10,Team Major Taylor,09:35.89,
2008,M,11,Delta Sigma Pi (M),09:38.84,
2008,M,12,Wright Cycling,09:39.15,
2008,M,13,Sigma Alpha Mu,09:42.32,
2008,M,14,Grey Goat Cycling,09:46.60,
2008,M,15,Beta Theta Pi,09:47.93,
2008,M,16,Sigma Chi,09:54.58,
2008,M,17,Achtung,09:57.42,
2008,M,18,CRU Cycling,09:58.77,
2008,M,19,Sigma Pi,09:59.49,
2008,M,20,Theta Chi,09:59.75,
2008,M,21,Phi Gamma Delta,10:01.93,
2008,M,22,Phi Sigma Kappa,10:05.57,
2008,M,23,Phi Kappa Tau,10:12.71,
2008,M,24,Sigma Phi Epsilon,10:15.45,
2008,M,25,Pi Kappa Alpha,10:15.71,
2008,M,26,Sigma Nu,10:25.31,
2008,M,27,Phi Kappa Sigma,10:31.19,
2008,M,28,Chi Phi,10:42.36,
2008,M,29,All Business (DSPII),10:15.67,
2008,M,30,Phi Delt/Phi Psi,10:27.86,
2008,F,1,Teter,08:11.23,08:08.28
2008,F,2,Kappa Delta,08:16.40,08:15.22
2008,F,3,Kappa Alpha Theta,08:17.11,
2008,F,4,Delta Gamma,08:21.71,
2008,F,5,Pi Beta Phi,08:29.06,
2008,F,6,Wing It,08:30.58,
2008,F,7,Delta Sigma Pi (W),08:33.27,
2008,F,8,Alpha Omicron Pi,08:43.61,
2008,F,9,Alpha Gamma Delta,08:43.81,
2008,F,10,Athena,08:44.98,
2008,F,11,Kappa Kappa Gamma,08:45.78,
2008,F,12,Delta Zeta,08:50.02,
2008,F,13,Zeta Tau Alpha,08:51.07,
2008,F,14,Gamma Phi Beta,09:04.70,
2008,F,15,Army Women,09:06.33,
2008,F,16,Phi Mu,09:06.41,
2008,F,17,Alpha Xi Delta,09:07.53,
2008,F,18,Alpha Phi,09:13.18,
2008,F,19,Ghost Exchange (Theta II),09:24.13,
2008,F,20,Couch,09:41.14,
2008,F,21,Alpha Epsilon Phi,11:15.75,
2008,F,22,Mezcla,11:22.49,
2007,M,1,Cutters,09:20.05,09:16.79
2007,M,2,Dodds House,09:19.46,09:18.19
2007,M,3,Phi Kappa Psi,09:25.61,
2007,M,4,Black Key Bulls,09:34.09,
2007,M,5,Beta Theta Pi,09:48.77,
2007,M,6,Team Major Taylor,09:51.11,
2007,M,7,Phi Gamma Delta,09:56.94,
2007,M,8,Theta Chi,10:05.71,
2007,M,9,Alpha Epsilon Pi,10:14.17,
2007,M,10,Phi Delta Theta,10:16.04,
2007,M,11,Delta Upsilon,10:16.09,
2007,M,12,Cinzano,10:18.47,
2007,M,13,Wright Cycling,10:21.56,
2007,M,14,Pi Kappa Phi,10:21.66,
2007,M,15,Phi Sigma Kappa,10:22.56,
2007,M,16,Delta Tau Delta,10:24.52,
2007,M,17,Chi Phi,10:26.55,
2007,M,18,Sigma Phi Epsilon,10:27.35,
2007,M,19,Delta Sigma Pi,10:35.28,
2007,M,20,Sigma Nu,10:42.00,
2007,M,21,Pi Kappa Alpha,10:43.58,
2007,M,22,Sigma Chi,10:56.00,
2007,M,23,Lambda Chi Alpha,11:14.27,
2007,M,24,IU Men's Rugby,11:28.31,
2007,M,25,Briscoe/Phi Kappa Psi,09:51.28,
2007,F,1,Kappa Alpha Theta,08:33.50,08:32.46
2007,F,2,Alpha Gamma Delta,08:32.30,08:34.03
2007,F,3,Cycledelics,08:37.56,
2007,F,4,Kappa Delta,08:41.86,
2007,F,5,Teter,08:43.83,
2007,F,6,Kappa Kappa Gamma,08:44.89,
2007,F,7,Alpha Chi Omega,09:02.51,
2007,F,8,Delta Sigma Pi,09:03.25,
2007,F,9,Wing It,09:05.23,
2007,F,10,Delta Gamma,09:06.36,
2007,F,11,Alpha Phi,09:07.54,
2007,F,12,Athena,09:07.76,
2007,F,13,Army Women,09:08.93,
2007,F,14,Zeta Tau Alpha,09:15.68,
2007,F,15,Alpha Omicron Pi,09:21.39,
2007,F,16,Bella Veloce,09:23.92,
2007,F,17,Gamma Phi Beta,09:24.50,
2007,F,18,Phi Mu,09:29.27,
2007,F,19,Team Gluff,09:45.96,
2007,F,20,Chi Omega,09:50.24,
2007,F,21,Alpha Xi Delta,09:56.38,
2007,F,22,Team Revolution,10:03.72,
2007,F,23,Collins (W),10:27.48,
2005,M,1,Phi Gamma Delta,08:58.71,09:05.11
2005,M,2,Cutters,09:11.44,09:15.11
2005,M,3,Dodds House,09:23.94,
2005,M,4,Alpha Tau Omega,09:28.94,
2005,M,5,Delta Upsilon,09:30.79,
2005,M,6,Briscoe,09:33.09,
2005,M,7,Forest,09:38.14,
2005,M,8,Phi Kappa Psi,09:38.56,
2005,M,9,Phi Sigma Kappa,09:44.79,
2005,M,10,LiSiHi,09:49.13,
2005,M,11,Beta Theta Pi,09:51.63,
2005,M,12,Alpha Epsilon Pi,09:55.10,
2005,M,13,Delta Sigma Pi (M),09:58.97,
2005,M,14,Collins,10:04.12,
2005,M,15,Wright Cycling,10:07.74,
2005,M,16,Parrothead,10:11.69,
2005,M,17,Phi Kappa Sigma,10:13.39,
2005,M,18,Sigma Chi,10:15.86,
2005,M,19,Lambda Chi Alpha,10:19.51,
2005,M,20,Cinzano,10:20.38,
2005,M,21,Achtung,10:21.66,
2005,M,22,Pi Kappa Phi,10:21.83,
2005,M,23,Delta Tau Delta,10:23.05,
2005,M,24,Chi Phi,10:51.63,
2005,F,1,Kappa Alpha Theta,08:18.58,08:08.12
2005,F,2,Kappa Kappa Gamma,08:21.11,08:11.56
2005,F,3,Teter Women,08:21.68,
2005,F,4,Alpha Phi,08:27.28,
2005,F,5,Bella Veloce,08:33.58,
2005,F,6,Cycledelics,08:35.34,
2005,F,7,Delta Zeta,08:36.00,
2005,F,8,Delta Gamma,08:36.78,
2005,F,9,Kappa Delta,08:36.85,
2005,F,10,Roadrunners,08:37.70,
2005,F,11,Alpha Omicron Pi,08:47.02,
2005,F,12,Athena,08:47.55,
2005,F,13,Alpha Gamma Delta,08:50.72,
2005,F,14,Alpha Kappa Psi,08:58.82,
2005,F,15,Delta Sigma Pi (W),08:59.85,
2005,F,16,Alpha Xi Delta,09:00.25,
2005,F,17,Gamma Phi Beta,09:00.41,
2005,F,18,Chi Omega,09:03.15,
2005,F,19,Speed,09:04.36,
2005,F,20,Phi Mu,09:05.62,
2005,F,21,Team Stellar,09:07.91,
2005,F,22,Army ROTC (W),09:08.47,
2005,F,23,Alpha Delta Pi,09:45.24,
2005,F,24,Mezcla,10:16.05,
2005,F,25,Team Marshall,10:24.35,
2005,F,26,Alpha Phi Omega,10:36.42,
2004,M,1,Cutters,09:14.54,
2004,M,2,Phi Gamma Delta,09:16.05,
2004,M,3,Alpha Tau Omega,09:27.23,
2004,M,4,Briscoe,09:37.39,
2004,M,5,ACR Cycling,09:39.57,
2004,M,6,Acacia,09:41.31,
2004,M,7,Delta Upsilon,09:41.43,
2004,M,8,Team Major Taylor,09:47.20,
2004,M,9,Sigma Chi,09:48.05,
2004,M,10,Phi Kappa Psi,09:49.43,
2004,M,11,Sigma Nu,09:51.16,
2004,M,12,Chi Phi,09:58.73,
2004,M,13,Kimball,10:04.51,
2004,M,14,Dodds House,10:07.75,
2004,M,15,Sincere Cycling,10:15.06,
2004,M,16,Army,10:15.99,
2004,M,17,Teter,10:17.15,
2004,M,18,Phi Delta Theta,10:17.59,
2004,M,19,Delta Tau Delta,10:20.44,
2004,M,20,Phi Kappa Sigma,10:32.47,
2004,M,21,Foster International,10:33.49,
2004,M,22,Achtung,10:37.71,
2004,M,23,Delta Sigma Pi (M),10:44.99,
2004,M,24,Sigma Pi,10:45.23,
2004,M,25,Wright Cycling,10:47.14,
2004,M,26,Sigma Alpha Mu,10:47.44,
2004,F,1,Teter,08:03.86,
2004,F,2,Kappa Kappa Gamma,08:20.00,
2004,F,3,Kappa Alpha Theta,08:29.19,
2004,F,4,Delta Zeta,08:35.54,
2004,F,5,Roadrunners,08:44.90,
2004,F,6,Delta Gamma,08:45.16,
2004,F,7,Alpha Phi,08:45.24,
2004,F,8,Bella Veloce,08:46.27,
2004,F,9,Phi Mu,08:49.25,
2004,F,10,Speed,09:03.86,
2004,F,11,Cycledelics,09:09.41,
2004,F,12,Chi Omega,09:10.57,
2004,F,13,Gamma Phi Beta,09:16.34,
2004,F,14,Alpha Chi Omega,09:18.59,
2004,F,15,Athena,09:22.31,
2004,F,16,Collins Women,09:23.21,
2004,F,17,Alpha Omicron Pi,09:29.84,
2004,F,18,Delta Sigma Pi (W),09:38.80,
2004,F,19,Alpha Phi Omega,10:01.21,
2004,F,20,Mezcla,10:22.61,
2004,F,21,Alpha Delta Pi,10:49.83,
2004,F,22,Kappa Delta,08:51.690,
2003,M,1,Gafombi,09:22.30,09:08.30
2003,M,2,Corleones,09:16.70,09:11.00
2003,M,3,Phi Gamma Delta,09:34.00,
2003,M,4,Alpha Tau Omega,09:34.70,
2003,M,5,Phi Delta Theta,09:37.50,
2003,M,6,Acacia,09:38.30,
2003,M,7,Team Major Taylor,09:42.60,
2003,M,8,Cutters,09:45.40,
2003,M,9,Dodds House,09:47.20,
2003,M,10,Cinzano,09:48.70,
2003,M,11,Pi Kappa Phi,09:50.80,
2003,M,12,Sigma Pi,09:52.90,
2003,M,13,Forest,09:55.40,
2003,M,14,ACR Cycling,09:55.60,
2003,M,15,Sigma Chi,10:06.30,
2003,M,16,Alpha Sigma Phi,10:40.30,
2003,M,17,Delta Upsilon,10:43.50,
2003,M,18,Briscoe,10:43.70,
2003,M,19,Chi Phi,10:46.40,
2003,M,20,Alpha Epsilon Pi,10:49.50,
2003,M,21,Phi Kappa Psi,10:51.20,
2003,M,22,ALTAashton,10:59.60,
2003,M,23,Read,11:02.80,
2003,M,24,Delta Sigma Pi,10:40.930,
2003,F,1,Kappa Kappa Gamma,08:28.50,
2003,F,2,Athena,08:32.20,
2003,F,3,Kappa Alpha Theta,08:32.56,
2003,F,4,Teter,08:35.44,
2003,F,5,Alpha Xi Delta,08:48.35,
2003,F,6,Phi Mu,08:52.87,
2003,F,7,Roadrunners,08:57.78,
2003,F,8,Delta Gamma,08:58.87,
2003,F,9,Delta Zeta,09:00.12,
2003,F,10,Kappa Delta,09:02.03,
2003,F,11,Gamma Phi Beta,09:03.15,
2003,F,12,Delta Delta Delta,09:03.20,
2003,F,13,Cycledelics,09:12.03,
2003,F,14,Alpha Delta Pi,09:12.56,
2003,F,15,Speed,09:13.47,
2003,F,16,Alpha Omicron Pi,09:21.90,
2003,F,17,Alpha Phi Omega,09:37.13,
2003,F,18,Delta Sigma Pi,10:15.28,
2001,M,1,Cutters,09:46.75,09:44.20
2001,M,2,Sigma Phi Epsilon,09:47.53,10:00.75
2001,M,3,Phi Gamma Delta,09:49.33,
2001,M,4,Delta Chi,09:51.62,
2001,M,5,Chi Phi,09:52.00,
2001,M,6,Phi Delta Theta,09:55.81,
2001,M,7,Sigma Alpha Epsilon,09:56.07,
2001,M,8,Teter,10:07.41,
2001,M,9,Beta Theta Pi,10:07.59,
2001,M,10,Kappa Sigma,10:15.53,
2001,M,11,Pi Kappa Phi,10:19.40,
2001,M,12,Galveston,10:26.26,
2001,M,13,Alpha Tau Omega,10:27.53,
2001,M,14,Delta Upsilon,10:29.63,
2001,M,15,Dodds House,10:31.44,
2001,M,16,Achtung,10:37.68,
2001,M,17,Lambda Chi Alpha,10:43.90,
2001,M,18,Alta,10:48.75,
2001,M,19,Region Crew,10:50.63,
2001,M,20,Sigma Nu,10:51.33,
2001,M,21,Alpha Sigma Phi,11:06.03,
2001,M,22,Forest,11:18.12,
2001,M,23,Phi Kappa Psi,11:26.44,
2001,M,24,Foster,12:12.69,
2001,M,25,Evans Scholars,12:19.39,
2001,F,1,Delta Gamma,08:41.50,08:39.56
2001,F,2,Kappa Alpha Theta,08:44.03,08:40.47
2001,F,3,Roadrunners,08:46.66,
2001,F,4,Kappa Delta,08:55.80,
2001,F,5,Athena,09:00.07,
2001,F,6,Delta Zeta,09:03.16,
2001,F,7,Gamma Phi Beta,09:04.28,
2001,F,8,Kappa Kappa Gamma,09:10.18,
2001,F,9,Phi Mu,09:12.38,
2001,F,10,Alpha Omicron Pi,09:12.40,
2001,F,11,Delta Delta Delta,09:14.30,
2001,F,12,Alpha Chi Omega,09:14.31,
2001,F,13,Wright Cycledelics,09:14.40,
2001,F,14,Alpha Xi Delta,09:14.84,
2001,F,15,Alpha Phi,09:22.22,
2001,F,16,Con Fuoco,09:22.75,
2001,F,17,Zeta Tau Alpha,09:47.34,
2001,F,18,Alpha Delta Pi,09:54.28,
2001,F,19,Delta Sigma Pi,10:03.28,
2001,F,20,Forest,10:03.81,
2001,F,21,Alpha Phi Omega,10:05.29,
2001,F,22,Army ROTC,10:40.72,
2001,F,23,Teter,10:41.71,
2001,F,24,Ashton,10:50.31,
2000,M,1,Sigma Phi Epsilon,09:42.30,
2000,M,2,Phi Gamma Delta,09:47.40,
2000,M,3,Cutters,10:01.90,
2000,M,4,Acacia,10:08.10,
2000,M,5,Delta Tau Delta,10:12.30,
2000,M,6,Delta Chi,10:13.10,
2000,M,7,Chi Phi,10:13.40,
2000,M,8,Sigma Chi,10:21.00,
2000,M,9,Theta Chi,10:30.30,
2000,M,10,Pi Kappa Phi,10:31.10,
2000,M,11,Dodds House,10:33.80,
2000,M,12,Fratello,10:41.70,
2000,M,13,Beta Theta Pi,10:42.10,
2000,M,14,Alpha Tau Omega,10:45.70,
2000,M,15,Kappa Sigma,10:47.50,
2000,M,16,Region Crew,10:55.20,
2000,M,17,Evans Scholars,10:55.90,
2000,M,18,Alta,11:00.70,
2000,M,19,Sigma Nu,11:08.70,
2000,M,20,Phi Kappa Psi,11:31.10,
2000,M,21,Teter,11:37.90,
2000,M,22,Lambda Chi Alpha,11:40.00,
2000,M,23,Delta Upsilon,13:39.90,
2000,F,1,Kappa Alpha Theta,08:42.70,
2000,F,2,Phi Mu,08:56.15,
2000,F,3,Delta Gamma,08:56.62,
2000,F,4,Alpha Delta Pi,09:26.34,
2000,F,5,GDI's,09:35.66,
2000,F,6,Alpha Gamma Delta,09:37.23,
2000,F,7,Landsharks,09:47.05,
2000,F,8,Kappa Delta,09:47.97,
2000,F,9,Roadrunners,09:51.50,
2000,F,10,Teter/Read,09:56.31,
2000,F,11,Zeta Tau Alpha,10:18.00,
2000,F,12,Team Athena,11:01.80,
1999,M,1,Cutters,,
1999,M,2,Phi Gamma Delta,,
1999,M,3,Sigma Alpha Epsilon,,
1999,F,1,Kappa Kappa Gamma,,
1999,F,2,Alpha Delta Pi,,
1999,F,3,Chi Omega,,
1998,M,1,Phi Gamma Delta,08:50.16,
1998,M,2,Sigma Alpha Epsilon,08:54.00,
1998,M,4,Cutters,,
1998,M,5,Phi Delta Theta,,
1998,M,3,Dodds House,,
1998,F,1,Alpha Chi Omega,08:21.40,08:05.38
1998,F,2,Kappa Kappa Gamma,08:15.10,08:07.85
1998,F,3,Delta Gamma,08:25.75,
1998,F,4,Chi Omega,08:27.38,
1998,F,5,Phi Mu,08:30.75,
1998,F,6,Roadrunners,08:35.13,
1998,F,7,Alpha Gamma Delta,08:35.97,
1998,F,8,Kappa Alpha Theta,08:37.78,
1998,F,9,Wright Cycledelics,08:38.04,
1998,F,10,Perigee,08:42.25,
1998,F,11,Alplha Delta Pi,08:46.47,
1998,F,12,Pi Beta Phi,08:46.90,
1998,F,13,Vayu,08:55.09,
1998,F,14,Delta Delta Delta,08:57.12,
1998,F,15,Alpha Phi,09:02.59,
1998,F,16,Delta Zeta,09:02.97,
1998,F,17,Alpha Phi Omega,09:07.60,
1998,F,18,Alpha Kappa Psi,09:09.47,
1998,F,19,Alpha Xi Delta,09:10.37,
1998,F,20,Zeta Tau Alpha,09:13.20,
1998,F,21,Team Elite,09:13.63,
1998,F,22,Landsharks,09:15.72,
1998,F,23,Oz,09:44.63,
1998,F,24,Foster 4ce,10:03.28,
1998,F,25,Teter,10:24.60,
1997,M,1,Phi Gamma Delta,08:52.80,08:56.04
1997,M,2,Sigma Alpha Epsilon,09:14.65,09:10.88
1997,M,3,Sigma Chi,09:17.35,
1997,M,4,Dodds House,09:20.85,
1997,M,5,Wright Cycling,09:32.56,
1997,M,6,Theta Chi,09:34.62,
1997,M,7,Phi Delta Theta,09:34.97,
1997,M,8,Sigma Nu,09:38.06,
1997,M,9,Delta Upsilon,09:42.43,
1997,M,10,Sigma Phi Espilon,09:42.94,
1997,M,11,Cinzano,09:45.78,
1997,M,12,Lambda Chi Alpha,09:46.44,
1997,M,13,Delta Chi,09:46.63,
1997,M,14,Phi Kappa Psi,09:51.19,
1997,M,15,Beta Theta Pi,09:52.35,
1997,M,16,Chi Phi,10:12.81,
1997,M,17,Delta Tau Delta,10:15.22,
1997,M,18,Kappa Sigma,10:19.94,
1997,M,19,Alpha Tau Omega,10:22.44,
1997,M,20,Alpha Sigma Phi,10:30.00,
1997,M,21,Phi Kappa Alpha,10:37.03,
1997,M,22,Cottage Grove,10:40.56,
1997,M,23,Pneuma,10:41.28,
1997,M,24,Army,10:45.60,
1997,M,25,Sigma Pi,11:01.69,
1997,F,1,Roadrunners,08:16.57,08:22.59
1997,F,2,Delta Gamma **,08:18.07,
1997,F,3,Kappa Alpha Theta,08:22.07,
1997,F,4,Kappa Kappa Gamma,08:24.59,
1997,F,5,Landsharks,08:25.34,
1997,F,6,Alpha Gamma Delta,08:31.69,
1997,F,7,Alpha Chi Omega,08:36.96,
1997,F,8,Phi Mu,08:41.72,
1997,F,9,Chi Omega,08:47.78,
1997,F,10,Wright Cycledelics,08:54.63,
1997,F,11,Delta Zeta,08:55.69,
1997,F,12,Alpha Phi,08:56.16,
1997,F,13,Team Z,09:00.06,
1997,F,14,Gamma Phi Beta,09:02.13,
1997,F,15,Alpha Xi Delta,09:02.53,
1997,F,16,Alpha Kappa Psi,09:09.78,
1997,F,17,Delta Delta Delta,09:11.50,
1997,F,18,Foster 4ce,09:15.65,
1997,F,19,Zeta Tau Alpha,09:21.13,
1997,F,20,Briscoe Banshees,09:26.06,
1997,F,21,Alpha Phi Omega,09:44.25,
1997,F,22,Alpha Epsilon Phi,10:02.44,
1996,M,1,Phi Delta Theta,,
1996,M,2,Sigma Alpha Epsilon,,
1996,F,1,Kappa Kappa Gamma,,
1996,F,2,Alpha Gamma Delta,,
1995,M,1,Acacia,09:22.520,09:17.69
1995,M,2,Dodds,09:28.46,09:19.66
1995,M,3,Phi Delta Theta,09:30.77,
1995,M,4,Phi Kappa Psi,09:33.00,
1995,M,5,PhiGamma Delta,09:33.88,
1995,M,6,Lambda ChiAlpha,09:39.06,
1995,M,7,Sigma Phi Epsilon,09:40.35,
1995,M,8,Delta Upsilon,09:42.03,
1995,M,9,Signa Alpha Epsilon,09:44.00,
1995,M,10,SlgnaNu,09:44.84,
1995,M,11,Wright Cycling,09:58.90,
1995,M,12,Delta Tau Delta,10:00.04,
1995,M,13,Beta Theta Pi,10:06.27,
1995,M,14,T.C.A.T.,10:26.37,
1995,F,1,Gamma Phi Beta,08:22.59,08:15.54
1995,F,2,Kappa Alpha Theta,08:22.03,08:24.20
1995,F,3,Delta Zeta,08:33.99,
1995,F,4,Wright Cycledelics,08:48.81,
1995,F,5,Pi Beta Phi,08:49.74,
1995,F,6,Alpha Chi Omega,08:58.95,
1995,F,7,Tasmanian Devils,09:18.36,
1994,M,1,Delta Chi,09:34.000,09:29.80
1994,M,2,Phi Kappa Psi,09:36.40,09:34.82
1994,M,3,Cutters,09:42.25,
1994,M,4,Sigma Chi,09:44.16,
1994,M,5,Sigma Alpha Epsilon,09:59.48,
1994,M,6,Wright Dodds,10:01.75,
1994,M,7,Delta Upsilon,10:06.56,
1994,M,8,Phi DeltaTheta,10:31.43,
1994,M,9,Sigma Phi Epsilon,10:25.98,
1994,M,10,Alpha Epsilon Pi,10:30.12,
1994,M,11,Pi Kappa Alpha,10:34.91,
1994,M,12,Lambda Chi Alpha,10:35.11,
1994,M,13,Wright Cycling,10:39.19,
1994,M,14,Sigma Nu,10:40.22,
1994,M,15,Read Zoo Gods,10:56.13,
1994,M,16,McNutt Racing Team,11:00.13,
1994,M,17,Kappa Sigma,11:22.84,
1994,M,18,Alpha Sigma Phi,11:43.61,
1994,F,1,Alpha Gamma Delta,08:52.31,08:35.39
1994,F,2,Alpha Chi Omega,08:56.56,08:51.63
1994,F,3,Kappa Alpha Theta ***,08:49.11,
1994,F,4,Gamma Phi Beta,09:08.39,
1994,F,5,Kappa Kappa Gamma,09:16.84,
1994,F,6,Landsharks,09:17.00,
1994,F,7,Zeta Tau Alpha,09:20.77,
1994,F,8,Delta Delta Delta,09:25.39,
1994,F,9,Delta Zeta,09:37.86,
1994,F,10,Wright Cycledelics,09:38.68,
1994,F,11,Alpha Phi,09:39.88,
1994,F,12,Phi Mu,09:58.93,
1986,M,1,Cutters,08:38.81,
0,,0,,,
0,,0,,,
0,,0,,,
0,,0,,,
0,,0,,,
